"","start_frame","focal","partner","focal_smooth","partner_smooth","day","group","approacher_smooth"
"1",1624759,"0007AC2B02","0007CB0942",3.26820064884945,NA,"13",1,NA
"2",1788131,"0007AC2B02","0007CB0942",NA,42.6441755523239,"13",1,NA
"3",1940242,"0007AC2B02","0007CB0942",NA,311.359989172074,"13",1,NA
"4",214615,"0007AC2B02","0007CB44CE",98.9194397930313,NA,"13",1,NA
"5",214912,"0007AC2B02","0007CB44CE",75.0831349223934,20.1054299517513,"13",1,"0007AC2B02"
"6",214958,"0007AC2B02","0007CB44CE",60.4631692007427,20.1702613353613,"13",1,"0007AC2B02"
"7",215132,"0007AC2B02","0007CB44CE",29.4165475532605,NA,"13",1,NA
"8",217426,"0007AC2B02","0007CB44CE",62.7501692039769,NA,"13",1,NA
"9",720742,"0007AC2B02","0007CB44CE",241.549514347418,32.6164240894311,"13",1,"0007AC2B02"
"10",721135,"0007AC2B02","0007CB44CE",NA,25.0531201479327,"13",1,NA
"11",1977042,"0007AC2B02","0007CB44CE",398.628885745124,12.6656180596916,"13",1,"0007AC2B02"
"12",2578139,"0007AC2B02","0007CB44CE",415.787066414126,72.741395307106,"13",1,"0007AC2B02"
"13",76044,"0007AC2B02","0007CB7051",27.3118420756836,NA,"13",1,NA
"14",215613,"0007AC2B02","0007CB7051",18.9319560956072,NA,"13",1,NA
"15",216508,"0007AC2B02","0007CB7051",83.2841424709396,NA,"13",1,NA
"16",1401150,"0007AC2B02","0007CB7051",18.4626356894608,NA,"13",1,NA
"17",1402340,"0007AC2B02","0007CB7051",10.1472949741624,NA,"13",1,NA
"18",1832304,"0007AC2B02","0007CB7051",33.3012889865232,NA,"13",1,NA
"19",1832545,"0007AC2B02","0007CB7051",32.8599554813561,26.9526975079054,"13",1,"0007AC2B02"
"20",2089652,"0007AC2B02","0007CB7051",NA,NA,"13",1,NA
"21",2482555,"0007AC2B02","0007CB7051",6.56231254770819,NA,"13",1,NA
"22",213773,"0007AC2B02","0007CD6778",9.51866579588794,87.1411304260256,"13",1,"0007CD6778"
"23",213829,"0007AC2B02","0007CD6778",8.0014957662867,72.2329996553304,"13",1,"0007CD6778"
"24",213926,"0007AC2B02","0007CD6778",16.0056304019714,54.6553078042304,"13",1,"0007CD6778"
"25",213993,"0007AC2B02","0007CD6778",7.94764418692315,21.1729271344761,"13",1,"0007CD6778"
"26",214035,"0007AC2B02","0007CD6778",10.5544518827701,30.6053320884061,"13",1,"0007CD6778"
"27",214082,"0007AC2B02","0007CD6778",22.9163785760535,29.1909080092903,"13",1,"0007CD6778"
"28",214232,"0007AC2B02","0007CD6778",26.1110218444858,40.3647483126497,"13",1,"0007CD6778"
"29",215828,"0007AC2B02","0007CD6778",102.223979547316,NA,"13",1,NA
"30",216384,"0007AC2B02","0007CD6778",8.35369893586251,96.5125768037394,"13",1,"0007CD6778"
"31",216472,"0007AC2B02","0007CD6778",62.1452867227786,131.732745736167,"13",1,"0007CD6778"
"32",217099,"0007AC2B02","0007CD6778",14.8212371546264,387.104923909446,"13",1,"0007CD6778"
"33",217167,"0007AC2B02","0007CD6778",29.7857642343998,316.922487621883,"13",1,"0007CD6778"
"34",217271,"0007AC2B02","0007CD6778",32.1852109542116,166.857208998071,"13",1,"0007CD6778"
"35",217350,"0007AC2B02","0007CD6778",51.3304233287557,40.8767782555019,"13",1,"0007AC2B02"
"36",217551,"0007AC2B02","0007CD6778",47.5870313607507,88.9577525382225,"13",1,"0007CD6778"
"37",217655,"0007AC2B02","0007CD6778",64.7128795573961,26.3461047158499,"13",1,"0007AC2B02"
"38",218019,"0007AC2B02","0007CD6778",29.3497709951467,29.1623994903264,"13",1,"0007AC2B02"
"39",218256,"0007AC2B02","0007CD6778",10.6297303390971,NA,"13",1,NA
"40",471935,"0007AC2B02","0007CD6778",4.247338834928,677.044916996452,"13",1,"0007CD6778"
"41",1374273,"0007AC2B02","0007CD6778",137.498150455061,50.7370836940283,"13",1,"0007AC2B02"
"42",1832190,"0007AC2B02","0007CD6778",21.6013441645116,NA,"13",1,NA
"43",1832637,"0007AC2B02","0007CD6778",37.5793251459867,NA,"13",1,NA
"44",8847,"0007AC2B02","0007CD765E",41.2365260953427,NA,"13",1,NA
"45",9021,"0007AC2B02","0007CD765E",17.5629134695593,18.1495575788415,"13",1,"0007CD765E"
"46",77914,"0007AC2B02","0007CD765E",22.4587122417891,7.01479455212355,"13",1,"0007AC2B02"
"47",77954,"0007AC2B02","0007CD765E",11.0660380263223,11.1379681905584,"13",1,"0007CD765E"
"48",79621,"0007AC2B02","0007CD765E",40.3787742375642,545.303620025094,"13",1,"0007CD765E"
"49",88234,"0007AC2B02","0007CD765E",74.2762790860633,NA,"13",1,NA
"50",88546,"0007AC2B02","0007CD765E",36.2159749362033,1607.87164783108,"13",1,"0007CD765E"
"51",95762,"0007AC2B02","0007CD765E",34.7342239678632,NA,"13",1,NA
"52",110040,"0007AC2B02","0007CD765E",43.0934275383673,230.682173050834,"13",1,"0007CD765E"
"53",128260,"0007AC2B02","0007CD765E",26.3826378538229,23.4211181323383,"13",1,"0007AC2B02"
"54",136372,"0007AC2B02","0007CD765E",9.77964826244291,NA,"13",1,NA
"55",138857,"0007AC2B02","0007CD765E",4.3610935128662,NA,"13",1,NA
"56",139062,"0007AC2B02","0007CD765E",13.5495796058328,3.2441597817512,"13",1,"0007AC2B02"
"57",139724,"0007AC2B02","0007CD765E",NA,5.06509426791118,"13",1,NA
"58",139851,"0007AC2B02","0007CD765E",2.01513727241784,4.94676753895081,"13",1,"0007CD765E"
"59",140159,"0007AC2B02","0007CD765E",2.91228802031732,1781.08385491337,"13",1,"0007CD765E"
"60",140871,"0007AC2B02","0007CD765E",3.54540217758968,1469.36329727103,"13",1,"0007CD765E"
"61",141577,"0007AC2B02","0007CD765E",4.05758357439202,1112.79933055557,"13",1,"0007CD765E"
"62",141917,"0007AC2B02","0007CD765E",219.585484882333,1174.27983362955,"13",1,"0007CD765E"
"63",144094,"0007AC2B02","0007CD765E",4.68126559032846,670.427374802708,"13",1,"0007CD765E"
"64",149293,"0007AC2B02","0007CD765E",21.9336118495611,7.74159153558932,"13",1,"0007AC2B02"
"65",175692,"0007AC2B02","0007CD765E",NA,4.49309800116834,"13",1,NA
"66",175857,"0007AC2B02","0007CD765E",1.48584690923125,4.70722085703822,"13",1,"0007CD765E"
"67",176073,"0007AC2B02","0007CD765E",1.40081881561305,4.32321295291146,"13",1,"0007CD765E"
"68",176309,"0007AC2B02","0007CD765E",0.939145869150031,4.04149444793975,"13",1,"0007CD765E"
"69",176416,"0007AC2B02","0007CD765E",0.761434004954259,4.70501684381869,"13",1,"0007CD765E"
"70",176510,"0007AC2B02","0007CD765E",0.876800661162643,3.67167256509674,"13",1,"0007CD765E"
"71",176939,"0007AC2B02","0007CD765E",NA,4.53418976530105,"13",1,NA
"72",200756,"0007AC2B02","0007CD765E",4.56737216945849,NA,"13",1,NA
"73",200804,"0007AC2B02","0007CD765E",8.48850759645897,5.2867797274563,"13",1,"0007AC2B02"
"74",201918,"0007AC2B02","0007CD765E",4.4749845217926,3.76644648257353,"13",1,"0007AC2B02"
"75",202171,"0007AC2B02","0007CD765E",4.94743660912996,NA,"13",1,NA
"76",202916,"0007AC2B02","0007CD765E",6.83720608524867,NA,"13",1,NA
"77",203327,"0007AC2B02","0007CD765E",21.672530029441,NA,"13",1,NA
"78",259507,"0007AC2B02","0007CD765E",38.1055803479145,44.3299707734582,"13",1,"0007CD765E"
"79",341174,"0007AC2B02","0007CD765E",49.6203010507371,47.7693821217969,"13",1,"0007AC2B02"
"80",365808,"0007AC2B02","0007CD765E",NA,260.934036110803,"13",1,NA
"81",365921,"0007AC2B02","0007CD765E",14.8705515768515,31.4422175297564,"13",1,"0007CD765E"
"82",369093,"0007AC2B02","0007CD765E",NA,294.971749650471,"13",1,NA
"83",419312,"0007AC2B02","0007CD765E",10.9187621432626,NA,"13",1,NA
"84",419947,"0007AC2B02","0007CD765E",14.359649654962,16.2163013857361,"13",1,"0007CD765E"
"85",420058,"0007AC2B02","0007CD765E",17.3078019710039,21.9306268201923,"13",1,"0007CD765E"
"86",420114,"0007AC2B02","0007CD765E",15.0051353563425,15.4799710267056,"13",1,"0007CD765E"
"87",1555791,"0007AC2B02","0007CD765E",341.21607053388,NA,"13",1,NA
"88",1555875,"0007AC2B02","0007CD765E",88.8321379444398,116.503782045011,"13",1,"0007CD765E"
"89",1564453,"0007AC2B02","0007CD765E",4.42664095172799,143.357764646205,"13",1,"0007CD765E"
"90",1564516,"0007AC2B02","0007CD765E",13.1001231124205,156.837720695361,"13",1,"0007CD765E"
"91",1565434,"0007AC2B02","0007CD765E",130.892609560597,NA,"13",1,NA
"92",1566039,"0007AC2B02","0007CD765E",131.13725550651,165.317009631375,"13",1,"0007CD765E"
"93",1567704,"0007AC2B02","0007CD765E",586.318447300961,92.9311107333777,"13",1,"0007AC2B02"
"94",1715345,"0007AC2B02","0007CD765E",NA,343.572617086031,"13",1,NA
"95",1797543,"0007AC2B02","0007CD765E",14.9341478335135,NA,"13",1,NA
"96",1984203,"0007AC2B02","0007CD765E",88.1382293385338,NA,"13",1,NA
"97",2035854,"0007AC2B02","0007CD765E",44.152439968718,NA,"13",1,NA
"98",2052083,"0007AC2B02","0007CD765E",NA,53.5140250270995,"13",1,NA
"99",2093239,"0007AC2B02","0007CD765E",15.1987090948707,NA,"13",1,NA
"100",2441689,"0007AC2B02","0007CD765E",33.4604219934897,15.4662596329213,"13",1,"0007AC2B02"
"101",2492203,"0007AC2B02","0007CD765E",NA,NA,"13",1,NA
"102",2497413,"0007AC2B02","0007CD765E",35.6513502845474,NA,"13",1,NA
"103",10830,"0007AC2B02","0007CD77C5",471.590108598051,46.2443814568794,"13",1,"0007AC2B02"
"104",95226,"0007AC2B02","0007CD77C5",NA,NA,"13",1,NA
"105",154438,"0007AC2B02","0007CD77C5",4.12679313018619,191.201759449486,"13",1,"0007CD77C5"
"106",172869,"0007AC2B02","0007CD77C5",5.05877775013155,241.620473578194,"13",1,"0007CD77C5"
"107",381102,"0007AC2B02","0007CD77C5",NA,373.557753332819,"13",1,NA
"108",381408,"0007AC2B02","0007CD77C5",35.133332929996,98.0494742004407,"13",1,"0007CD77C5"
"109",381691,"0007AC2B02","0007CD77C5",NA,47.7135684071184,"13",1,NA
"110",381817,"0007AC2B02","0007CD77C5",46.8618539989938,57.2385444392875,"13",1,"0007CD77C5"
"111",381956,"0007AC2B02","0007CD77C5",76.9095193925468,75.2669558592068,"13",1,"0007AC2B02"
"112",1554904,"0007AC2B02","0007CD77C5",195.515181833366,4.74793780317731,"13",1,"0007AC2B02"
"113",1555739,"0007AC2B02","0007CD77C5",314.515936203102,33.1424379690391,"13",1,"0007AC2B02"
"114",1561667,"0007AC2B02","0007CD77C5",250.458806053272,539.674223006304,"13",1,"0007CD77C5"
"115",1594622,"0007AC2B02","0007CD77C5",NA,12.9293393583068,"13",1,NA
"116",1780495,"0007AC2B02","0007CD77C5",73.9585475335775,145.541235652223,"13",1,"0007CD77C5"
"117",1780777,"0007AC2B02","0007CD77C5",24.1717364154387,NA,"13",1,NA
"118",1818318,"0007AC2B02","0007CD77C5",10.8683935218047,NA,"13",1,NA
"119",1818492,"0007AC2B02","0007CD77C5",14.3237153264606,38.6505754736931,"13",1,"0007CD77C5"
"120",1818561,"0007AC2B02","0007CD77C5",17.5600904034599,40.4108894961222,"13",1,"0007CD77C5"
"121",1818732,"0007AC2B02","0007CD77C5",18.477968134172,104.269643472944,"13",1,"0007CD77C5"
"122",1819373,"0007AC2B02","0007CD77C5",7.13661400909403,237.640159282506,"13",1,"0007CD77C5"
"123",1829313,"0007AC2B02","0007CD77C5",9.96148534361977,NA,"13",1,NA
"124",1829683,"0007AC2B02","0007CD77C5",NA,11.5281787346194,"13",1,NA
"125",1830011,"0007AC2B02","0007CD77C5",NA,10.7210281779586,"13",1,NA
"126",1830337,"0007AC2B02","0007CD77C5",NA,60.5143542560259,"13",1,NA
"127",1921327,"0007AC2B02","0007CD77C5",NA,17.6830554841391,"13",1,NA
"128",1922323,"0007AC2B02","0007CD77C5",423.741663964977,47.9103619835631,"13",1,"0007AC2B02"
"129",2064157,"0007AC2B02","0007CD77C5",1010.68177781532,1067.65638293407,"13",1,"0007CD77C5"
"130",2323323,"0007AC2B02","0007CD77C5",609.36598736589,638.389085364311,"13",1,"0007CD77C5"
"131",2327407,"0007AC2B02","0007CD77C5",523.912810358083,50.4087681347943,"13",1,"0007AC2B02"
"132",2327541,"0007AC2B02","0007CD77C5",205.955067824849,32.5655868391016,"13",1,"0007AC2B02"
"133",2327649,"0007AC2B02","0007CD77C5",128.797808854643,162.772023680302,"13",1,"0007CD77C5"
"134",2475550,"0007AC2B02","0007CD77C5",90.5880406884479,417.722833420405,"13",1,"0007CD77C5"
"135",2480585,"0007AC2B02","0007CD77C5",322.350836053937,267.237319547521,"13",1,"0007AC2B02"
"136",2480751,"0007AC2B02","0007CD77C5",118.537302980369,794.300872514387,"13",1,"0007CD77C5"
"137",2480831,"0007AC2B02","0007CD77C5",279.461997954122,571.757634203476,"13",1,"0007CD77C5"
"138",2480923,"0007AC2B02","0007CD77C5",500.71737379387,392.063444921882,"13",1,"0007AC2B02"
"139",2481279,"0007AC2B02","0007CD77C5",391.401011110267,735.407191385185,"13",1,"0007CD77C5"
"140",2578130,"0007AC2B02","0007CD77C5",353.672793270223,48.9857711573205,"13",1,"0007AC2B02"
"141",2578484,"0007AC2B02","0007CD77C5",NA,45.901579712653,"13",1,NA
"142",2581679,"0007AC2B02","0007CD77C5",NA,17.2825652603979,"13",1,NA
"143",371869,"0007AC2B02","0007CDADED",174.637686606222,3.99326695881708,"13",1,"0007AC2B02"
"144",371920,"0007AC2B02","0007CDADED",217.48959026254,11.2921069182074,"13",1,"0007AC2B02"
"145",372582,"0007AC2B02","0007CDADED",64.4571503717648,15.743911585711,"13",1,"0007AC2B02"
"146",373167,"0007AC2B02","0007CDADED",63.0501806153579,NA,"13",1,NA
"147",373398,"0007AC2B02","0007CDADED",35.4894161024055,14.1439762170501,"13",1,"0007AC2B02"
"148",381925,"0007AC2B02","0007CDADED",62.9306924686554,83.8770643422093,"13",1,"0007CDADED"
"149",1814486,"0007AC2B02","0007CDADED",12.5743316511881,NA,"13",1,NA
"150",1814592,"0007AC2B02","0007CDADED",24.2813601132934,35.4709922866833,"13",1,"0007CDADED"
"151",1958838,"0007AC2B02","0007CDADED",284.52904814115,9.00222038770709,"13",1,"0007AC2B02"
"152",2108807,"0007AC2B02","0007CDADED",272.974320428007,22.5589575730046,"13",1,"0007AC2B02"
"153",2109860,"0007AC2B02","0007CDADED",7.56061273854577,NA,"13",1,NA
"154",10567,"0007AC2B02","0007CDC443",63.5371020321241,NA,"13",1,NA
"155",90425,"0007AC2B02","0007CDC443",6.20610331799413,164.298967102649,"13",1,"0007CDC443"
"156",217246,"0007AC2B02","0007CDC443",41.6644706270803,43.309211448768,"13",1,"0007CDC443"
"157",372507,"0007AC2B02","0007CDC443",41.3475399132514,35.2367067530727,"13",1,"0007AC2B02"
"158",373151,"0007AC2B02","0007CDC443",60.7350746988425,112.350518066803,"13",1,"0007CDC443"
"159",428511,"0007AC2B02","0007CDC443",49.4072556143939,NA,"13",1,NA
"160",1462677,"0007AC2B02","0007CDC443",8.59694386709161,NA,"13",1,NA
"161",1462746,"0007AC2B02","0007CDC443",7.6678439868562,3.18743322058613,"13",1,"0007AC2B02"
"162",1462799,"0007AC2B02","0007CDC443",8.85510895907322,5.23987696595455,"13",1,"0007AC2B02"
"163",1462886,"0007AC2B02","0007CDC443",7.79122069872667,3.88954903983346,"13",1,"0007AC2B02"
"164",1462939,"0007AC2B02","0007CDC443",6.28645062924492,4.24892273107233,"13",1,"0007AC2B02"
"165",1463047,"0007AC2B02","0007CDC443",6.42043037175179,4.28661744777308,"13",1,"0007AC2B02"
"166",1463344,"0007AC2B02","0007CDC443",5.98926958006123,1220.21136748563,"13",1,"0007CDC443"
"167",1463533,"0007AC2B02","0007CDC443",5.66025726866238,893.467381942228,"13",1,"0007CDC443"
"168",1701015,"0007AC2B02","0007CDC443",28.8144181334561,18.2006197331837,"13",1,"0007AC2B02"
"169",1701075,"0007AC2B02","0007CDC443",27.6193515593855,25.0198890669843,"13",1,"0007AC2B02"
"170",1815154,"0007AC2B02","0007CDC443",16.0858407122931,NA,"13",1,NA
"171",2089331,"0007AC2B02","0007CDC443",10.6582410579784,NA,"13",1,NA
"172",2090185,"0007AC2B02","0007CDC443",NA,14.9429866684975,"13",1,NA
"173",2470575,"0007AC2B02","0007CDC443",139.637662109282,NA,"13",1,NA
"174",2470827,"0007AC2B02","0007CDC443",3.94589445013893,8.5148800435197,"13",1,"0007CDC443"
"175",2470870,"0007AC2B02","0007CDC443",3.16974156285043,125.485397707294,"13",1,"0007CDC443"
"176",75882,"0007AC2B02","0007CDDBAF",NA,NA,"13",1,NA
"177",76002,"0007AC2B02","0007CDDBAF",41.0460716728702,108.187831904392,"13",1,"0007CDDBAF"
"178",102315,"0007AC2B02","0007CDDBAF",17.1987052969742,37.8852299917182,"13",1,"0007CDDBAF"
"179",102488,"0007AC2B02","0007CDDBAF",23.3080735940527,73.924748114865,"13",1,"0007CDDBAF"
"180",215769,"0007AC2B02","0007CDDBAF",94.6885209005881,NA,"13",1,NA
"181",270634,"0007AC2B02","0007CDDBAF",NA,NA,"13",1,NA
"182",274081,"0007AC2B02","0007CDDBAF",NA,12.446626162468,"13",1,NA
"183",360688,"0007AC2B02","0007CDDBAF",NA,57.8456186731989,"13",1,NA
"184",378467,"0007AC2B02","0007CDDBAF",NA,22.7978803122456,"13",1,NA
"185",378828,"0007AC2B02","0007CDDBAF",NA,6.91248377026738,"13",1,NA
"186",379155,"0007AC2B02","0007CDDBAF",5.78702044759325,NA,"13",1,NA
"187",1401154,"0007AC2B02","0007CDDBAF",17.6224310818737,NA,"13",1,NA
"188",1402363,"0007AC2B02","0007CDDBAF",9.31788499821434,NA,"13",1,NA
"189",1800179,"0007AC2B02","0007CDDBAF",10.9783964682411,12.5658894255632,"13",1,"0007CDDBAF"
"190",1807139,"0007AC2B02","0007CDDBAF",40.083918250124,NA,"13",1,NA
"191",1807331,"0007AC2B02","0007CDDBAF",34.0418607498331,102.504147841356,"13",1,"0007CDDBAF"
"192",1914965,"0007AC2B02","0007CDDBAF",27.6274690417821,14.1860503375215,"13",1,"0007AC2B02"
"193",2494081,"0007AC2B02","0007CDDBAF",4.09378492684447,22.395395186853,"13",1,"0007CDDBAF"
"194",2521609,"0007AC2B02","0007CDDBAF",NA,112.239188413709,"13",1,NA
"195",2521711,"0007AC2B02","0007CDDBAF",15.439828792421,77.6077291480332,"13",1,"0007CDDBAF"
"196",1624759,"0007CB0942","0007AC2B02",NA,3.26820064884945,"13",1,NA
"197",1788131,"0007CB0942","0007AC2B02",42.6441755523239,NA,"13",1,NA
"198",1940242,"0007CB0942","0007AC2B02",311.359989172074,NA,"13",1,NA
"199",60363,"0007CB0942","0007CB44CE",155.00949957728,NA,"13",1,NA
"200",428911,"0007CB0942","0007CB44CE",84.9598290024612,NA,"13",1,NA
"201",434229,"0007CB0942","0007CB44CE",86.8738108814858,NA,"13",1,NA
"202",434457,"0007CB0942","0007CB44CE",NA,122.166486476489,"13",1,NA
"203",928949,"0007CB0942","0007CB44CE",110.897554739649,19.1504708014584,"13",1,"0007CB0942"
"204",1627765,"0007CB0942","0007CB44CE",11.5770286550422,NA,"13",1,NA
"205",59818,"0007CB0942","0007CB7051",199.887607374402,994.604157208525,"13",1,"0007CB7051"
"206",1503223,"0007CB0942","0007CB7051",NA,NA,"13",1,NA
"207",1623806,"0007CB0942","0007CB7051",15.9555334498798,NA,"13",1,NA
"208",1947869,"0007CB0942","0007CB7051",25.1115617202178,NA,"13",1,NA
"209",1948953,"0007CB0942","0007CB7051",NA,227.402809938265,"13",1,NA
"210",2411474,"0007CB0942","0007CB7051",21.987133893702,18.7812297342723,"13",1,"0007CB0942"
"211",2411511,"0007CB0942","0007CB7051",36.1513393001182,14.4746318843079,"13",1,"0007CB0942"
"212",2411620,"0007CB0942","0007CB7051",31.3112139196414,72.4412453453545,"13",1,"0007CB7051"
"213",2411792,"0007CB0942","0007CB7051",18.486677125987,29.9678418884544,"13",1,"0007CB7051"
"214",2411984,"0007CB0942","0007CB7051",9.33053794397818,34.6923240253801,"13",1,"0007CB7051"
"215",1947766,"0007CB0942","0007CD6778",100.080711039056,23.3263574449509,"13",1,"0007CB0942"
"216",1947910,"0007CB0942","0007CD6778",5.29021813215303,29.7101111573266,"13",1,"0007CD6778"
"217",2413778,"0007CB0942","0007CD6778",4.96773378963292,144.029299434511,"13",1,"0007CD6778"
"218",1488,"0007CB0942","0007CD765E",NA,57.6902993138566,"13",1,NA
"219",1564,"0007CB0942","0007CD765E",55.0690151392162,128.3757513766,"13",1,"0007CD765E"
"220",55650,"0007CB0942","0007CD765E",25.5781456038842,NA,"13",1,NA
"221",55887,"0007CB0942","0007CD765E",54.0950672827831,55.5063886208906,"13",1,"0007CD765E"
"222",1399947,"0007CB0942","0007CD765E",NA,10.4443143171925,"13",1,NA
"223",1544024,"0007CB0942","0007CD77C5",341.460332780235,5.17733198747861,"13",1,"0007CB0942"
"224",1545138,"0007CB0942","0007CD77C5",189.094459262487,9.87959353213338,"13",1,"0007CB0942"
"225",1617346,"0007CB0942","0007CD77C5",31.8344680278589,61.6176650552173,"13",1,"0007CD77C5"
"226",1865516,"0007CB0942","0007CD77C5",NA,103.978205361674,"13",1,NA
"227",1865591,"0007CB0942","0007CD77C5",93.6398342806249,98.7492103066903,"13",1,"0007CD77C5"
"228",1866073,"0007CB0942","0007CD77C5",798.567573904101,104.880405893233,"13",1,"0007CB0942"
"229",1866302,"0007CB0942","0007CD77C5",187.208463634045,106.800626713885,"13",1,"0007CB0942"
"230",1866955,"0007CB0942","0007CD77C5",385.826555445141,69.7316257729656,"13",1,"0007CB0942"
"231",1867591,"0007CB0942","0007CD77C5",298.033135546834,26.8491905623045,"13",1,"0007CB0942"
"232",1874259,"0007CB0942","0007CD77C5",NA,57.2309475747614,"13",1,NA
"233",1908177,"0007CB0942","0007CD77C5",202.046153801032,3.91948263190157,"13",1,"0007CB0942"
"234",1909449,"0007CB0942","0007CD77C5",NA,26.3071968535984,"13",1,NA
"235",1910158,"0007CB0942","0007CD77C5",NA,24.5313761439766,"13",1,NA
"236",1918734,"0007CB0942","0007CD77C5",NA,26.4218726176105,"13",1,NA
"237",1918794,"0007CB0942","0007CD77C5",22.1896774793881,45.0667771047424,"13",1,"0007CD77C5"
"238",1918893,"0007CB0942","0007CD77C5",78.0589264274211,51.0645821728259,"13",1,"0007CB0942"
"239",1918985,"0007CB0942","0007CD77C5",84.3971864908709,53.743597787297,"13",1,"0007CB0942"
"240",1919031,"0007CB0942","0007CD77C5",15.9486655129623,44.7450442228587,"13",1,"0007CD77C5"
"241",1919361,"0007CB0942","0007CD77C5",17.886015755336,4.89604802463467,"13",1,"0007CB0942"
"242",1919456,"0007CB0942","0007CD77C5",11.168128759001,28.4297321251009,"13",1,"0007CD77C5"
"243",1919614,"0007CB0942","0007CD77C5",8.35278512165747,18.7899273201683,"13",1,"0007CD77C5"
"244",1920254,"0007CB0942","0007CD77C5",29.8798546660582,43.0051355540257,"13",1,"0007CD77C5"
"245",1920516,"0007CB0942","0007CD77C5",17.2692571592639,55.6489045041288,"13",1,"0007CD77C5"
"246",1941218,"0007CB0942","0007CD77C5",NA,NA,"13",1,NA
"247",1942530,"0007CB0942","0007CD77C5",6.38957099138512,288.03976708203,"13",1,"0007CD77C5"
"248",2579566,"0007CB0942","0007CD77C5",18.8213686510195,55.203276455587,"13",1,"0007CD77C5"
"249",2579725,"0007CB0942","0007CD77C5",81.8208733400119,87.309698618889,"13",1,"0007CD77C5"
"250",37371,"0007CB0942","0007CDADED",NA,6.53461451343537,"13",1,NA
"251",59959,"0007CB0942","0007CDADED",271.167270102397,1238.66230229698,"13",1,"0007CDADED"
"252",60076,"0007CB0942","0007CDADED",68.1660371181668,114.337597567534,"13",1,"0007CDADED"
"253",60176,"0007CB0942","0007CDADED",62.9947828025105,450.359948189283,"13",1,"0007CDADED"
"254",112054,"0007CB0942","0007CDADED",62.3161972374853,44.1080482927643,"13",1,"0007CB0942"
"255",112283,"0007CB0942","0007CDADED",64.0644703138158,NA,"13",1,NA
"256",364839,"0007CB0942","0007CDADED",NA,15.8334217156574,"13",1,NA
"257",364901,"0007CB0942","0007CDADED",24.8630898051228,13.1964938561025,"13",1,"0007CB0942"
"258",375618,"0007CB0942","0007CDADED",361.075598021247,4.5140371269227,"13",1,"0007CB0942"
"259",375784,"0007CB0942","0007CDADED",22.0647086312211,27.367237355942,"13",1,"0007CDADED"
"260",375926,"0007CB0942","0007CDADED",NA,14.0176097292164,"13",1,NA
"261",376032,"0007CB0942","0007CDADED",3.40956281702803,13.1441855698417,"13",1,"0007CDADED"
"262",376269,"0007CB0942","0007CDADED",13.4917136887684,18.4133062443495,"13",1,"0007CDADED"
"263",376896,"0007CB0942","0007CDADED",20.0767535344118,NA,"13",1,NA
"264",377106,"0007CB0942","0007CDADED",16.3906442809403,26.4193742227776,"13",1,"0007CDADED"
"265",377223,"0007CB0942","0007CDADED",36.5184733516311,16.5522135511858,"13",1,"0007CB0942"
"266",377712,"0007CB0942","0007CDADED",42.7234419524301,NA,"13",1,NA
"267",379712,"0007CB0942","0007CDADED",NA,NA,"13",1,NA
"268",431682,"0007CB0942","0007CDADED",6.77151538143218,681.505646558896,"13",1,"0007CDADED"
"269",431760,"0007CB0942","0007CDADED",5.89631630661039,1087.55331069981,"13",1,"0007CDADED"
"270",431895,"0007CB0942","0007CDADED",6.05935931984657,1011.38156381572,"13",1,"0007CDADED"
"271",432661,"0007CB0942","0007CDADED",35.623006565986,462.919563470459,"13",1,"0007CDADED"
"272",927661,"0007CB0942","0007CDADED",220.463349905525,NA,"13",1,NA
"273",930473,"0007CB0942","0007CDADED",5.2671759009467,NA,"13",1,NA
"274",1121684,"0007CB0942","0007CDADED",NA,48.2375679674402,"13",1,NA
"275",1573651,"0007CB0942","0007CDADED",34.7758368513409,NA,"13",1,NA
"276",1574403,"0007CB0942","0007CDADED",1.34930174362456,9.94623158379999,"13",1,"0007CDADED"
"277",1574661,"0007CB0942","0007CDADED",NA,19.6668371904881,"13",1,NA
"278",1574915,"0007CB0942","0007CDADED",23.1253518123602,4.94950578924441,"13",1,"0007CB0942"
"279",1575083,"0007CB0942","0007CDADED",25.0857630487451,23.1548045203934,"13",1,"0007CB0942"
"280",1575781,"0007CB0942","0007CDADED",24.2767579379761,NA,"13",1,NA
"281",1613592,"0007CB0942","0007CDADED",5.39240427552837,20.7807398195453,"13",1,"0007CDADED"
"282",1893732,"0007CB0942","0007CDADED",329.780043514565,78.7416507371398,"13",1,"0007CB0942"
"283",1893919,"0007CB0942","0007CDADED",39.9760085309275,38.9154716689683,"13",1,"0007CB0942"
"284",1894287,"0007CB0942","0007CDADED",NA,35.4097733487276,"13",1,NA
"285",1897268,"0007CB0942","0007CDADED",12.4561157574969,15.7747657628965,"13",1,"0007CDADED"
"286",1940169,"0007CB0942","0007CDADED",NA,NA,"13",1,NA
"287",2293223,"0007CB0942","0007CDADED",10.3663101316899,35.5275088860128,"13",1,"0007CDADED"
"288",2342655,"0007CB0942","0007CDADED",215.373231637177,223.563096464127,"13",1,"0007CDADED"
"289",2345325,"0007CB0942","0007CDADED",NA,15.5165821816431,"13",1,NA
"290",2345565,"0007CB0942","0007CDADED",5.66324843413025,2.94096670544334,"13",1,"0007CB0942"
"291",2345665,"0007CB0942","0007CDADED",6.44294093751735,4.98193553880988,"13",1,"0007CB0942"
"292",2345761,"0007CB0942","0007CDADED",6.09377775735329,5.38942727145976,"13",1,"0007CB0942"
"293",2442285,"0007CB0942","0007CDADED",NA,NA,"13",1,NA
"294",59991,"0007CB0942","0007CDC443",279.216325825802,660.458626519274,"13",1,"0007CDC443"
"295",60517,"0007CB0942","0007CDC443",450.631058144064,365.893025823419,"13",1,"0007CB0942"
"296",376887,"0007CB0942","0007CDC443",6.18956706959407,NA,"13",1,NA
"297",377170,"0007CB0942","0007CDC443",26.0586214933675,NA,"13",1,NA
"298",1868250,"0007CB0942","0007CDC443",237.579114396734,NA,"13",1,NA
"299",1908328,"0007CB0942","0007CDC443",224.644229478844,31.6184012700336,"13",1,"0007CB0942"
"300",1911111,"0007CB0942","0007CDC443",25.7064757421629,NA,"13",1,NA
"301",1623813,"0007CB0942","0007CDDBAF",18.0386911045195,NA,"13",1,NA
"302",1948950,"0007CB0942","0007CDDBAF",NA,NA,"13",1,NA
"303",214615,"0007CB44CE","0007AC2B02",NA,98.9194397930313,"13",1,NA
"304",214912,"0007CB44CE","0007AC2B02",20.1054299517513,75.0831349223934,"13",1,"0007AC2B02"
"305",214958,"0007CB44CE","0007AC2B02",20.1702613353613,60.4631692007427,"13",1,"0007AC2B02"
"306",215132,"0007CB44CE","0007AC2B02",NA,29.4165475532605,"13",1,NA
"307",217426,"0007CB44CE","0007AC2B02",NA,62.7501692039769,"13",1,NA
"308",720742,"0007CB44CE","0007AC2B02",32.6164240894311,241.549514347418,"13",1,"0007AC2B02"
"309",721135,"0007CB44CE","0007AC2B02",25.0531201479327,NA,"13",1,NA
"310",1977042,"0007CB44CE","0007AC2B02",12.6656180596916,398.628885745124,"13",1,"0007AC2B02"
"311",2578139,"0007CB44CE","0007AC2B02",72.741395307106,415.787066414126,"13",1,"0007AC2B02"
"312",60363,"0007CB44CE","0007CB0942",NA,155.00949957728,"13",1,NA
"313",428911,"0007CB44CE","0007CB0942",NA,84.9598290024612,"13",1,NA
"314",434229,"0007CB44CE","0007CB0942",NA,86.8738108814858,"13",1,NA
"315",434457,"0007CB44CE","0007CB0942",122.166486476489,NA,"13",1,NA
"316",928949,"0007CB44CE","0007CB0942",19.1504708014584,110.897554739649,"13",1,"0007CB0942"
"317",1627765,"0007CB44CE","0007CB0942",NA,11.5770286550422,"13",1,NA
"318",33648,"0007CB44CE","0007CB7051",62.2442538475652,237.513862010188,"13",1,"0007CB7051"
"319",463741,"0007CB44CE","0007CB7051",134.239775200189,NA,"13",1,NA
"320",1929417,"0007CB44CE","0007CB7051",45.2581219296204,288.490471906708,"13",1,"0007CB7051"
"321",141973,"0007CB44CE","0007CD765E",NA,1514.22257680778,"13",1,NA
"322",142218,"0007CB44CE","0007CD765E",NA,9.33703824554299,"13",1,NA
"323",720876,"0007CB44CE","0007CD77C5",39.9202535558137,NA,"13",1,NA
"324",721104,"0007CB44CE","0007CD77C5",NA,84.5095935624226,"13",1,NA
"325",1921099,"0007CB44CE","0007CD77C5",NA,26.2842924836432,"13",1,NA
"326",1922073,"0007CB44CE","0007CD77C5",330.150883168013,25.7554688869775,"13",1,"0007CB44CE"
"327",1922717,"0007CB44CE","0007CD77C5",NA,21.8610557513362,"13",1,NA
"328",1941504,"0007CB44CE","0007CD77C5",NA,52.4138437385973,"13",1,NA
"329",1941616,"0007CB44CE","0007CD77C5",2.35159092814875,13.3924738162356,"13",1,"0007CD77C5"
"330",1987229,"0007CB44CE","0007CD77C5",NA,114.819072583328,"13",1,NA
"331",2176212,"0007CB44CE","0007CD77C5",44.0563421717651,NA,"13",1,NA
"332",2577957,"0007CB44CE","0007CD77C5",NA,79.6348903717209,"13",1,NA
"333",2578036,"0007CB44CE","0007CD77C5",27.9616387890203,52.1133248858714,"13",1,"0007CD77C5"
"334",376460,"0007CB44CE","0007CDADED",NA,56.312977974147,"13",1,NA
"335",2499164,"0007CB44CE","0007CDC443",NA,NA,"13",1,NA
"336",1629370,"0007CB44CE","0007CDDBAF",33.0714171475803,NA,"13",1,NA
"337",2490698,"0007CB44CE","0007CDDBAF",NA,24.9655737264907,"13",1,NA
"338",76044,"0007CB7051","0007AC2B02",NA,27.3118420756836,"13",1,NA
"339",215613,"0007CB7051","0007AC2B02",NA,18.9319560956072,"13",1,NA
"340",216508,"0007CB7051","0007AC2B02",NA,83.2841424709396,"13",1,NA
"341",1401150,"0007CB7051","0007AC2B02",NA,18.4626356894608,"13",1,NA
"342",1402340,"0007CB7051","0007AC2B02",NA,10.1472949741624,"13",1,NA
"343",1832304,"0007CB7051","0007AC2B02",NA,33.3012889865232,"13",1,NA
"344",1832545,"0007CB7051","0007AC2B02",26.9526975079054,32.8599554813561,"13",1,"0007AC2B02"
"345",2089652,"0007CB7051","0007AC2B02",NA,NA,"13",1,NA
"346",2482555,"0007CB7051","0007AC2B02",NA,6.56231254770819,"13",1,NA
"347",59818,"0007CB7051","0007CB0942",994.604157208525,199.887607374402,"13",1,"0007CB7051"
"348",1503223,"0007CB7051","0007CB0942",NA,NA,"13",1,NA
"349",1623806,"0007CB7051","0007CB0942",NA,15.9555334498798,"13",1,NA
"350",1947869,"0007CB7051","0007CB0942",NA,25.1115617202178,"13",1,NA
"351",1948953,"0007CB7051","0007CB0942",227.402809938265,NA,"13",1,NA
"352",2411474,"0007CB7051","0007CB0942",18.7812297342723,21.987133893702,"13",1,"0007CB0942"
"353",2411511,"0007CB7051","0007CB0942",14.4746318843079,36.1513393001182,"13",1,"0007CB0942"
"354",2411620,"0007CB7051","0007CB0942",72.4412453453545,31.3112139196414,"13",1,"0007CB7051"
"355",2411792,"0007CB7051","0007CB0942",29.9678418884544,18.486677125987,"13",1,"0007CB7051"
"356",2411984,"0007CB7051","0007CB0942",34.6923240253801,9.33053794397818,"13",1,"0007CB7051"
"357",33648,"0007CB7051","0007CB44CE",237.513862010188,62.2442538475652,"13",1,"0007CB7051"
"358",463741,"0007CB7051","0007CB44CE",NA,134.239775200189,"13",1,NA
"359",1929417,"0007CB7051","0007CB44CE",288.490471906708,45.2581219296204,"13",1,"0007CB7051"
"360",430371,"0007CB7051","0007CD6778",10.7637252574088,NA,"13",1,NA
"361",480948,"0007CB7051","0007CD6778",16.9742726995207,NA,"13",1,NA
"362",2413250,"0007CB7051","0007CD6778",33.3278259724678,NA,"13",1,NA
"363",2421286,"0007CB7051","0007CD6778",211.075440667649,267.633140701766,"13",1,"0007CD6778"
"364",2425181,"0007CB7051","0007CD6778",NA,20.0617664943495,"13",1,NA
"365",2444365,"0007CB7051","0007CD6778",NA,24.1368915257483,"13",1,NA
"366",2444440,"0007CB7051","0007CD6778",18.5652920019757,29.7490480540774,"13",1,"0007CD6778"
"367",2444873,"0007CB7051","0007CD6778",NA,14.8831682468804,"13",1,NA
"368",2445670,"0007CB7051","0007CD6778",14.2916190223909,NA,"13",1,NA
"369",2445877,"0007CB7051","0007CD6778",NA,50.5670373757007,"13",1,NA
"370",207320,"0007CB7051","0007CD765E",NA,NA,"13",1,NA
"371",261107,"0007CB7051","0007CD765E",76.2756093524153,455.780047472897,"13",1,"0007CD765E"
"372",360510,"0007CB7051","0007CD765E",8.32216237851192,239.465784909189,"13",1,"0007CD765E"
"373",360774,"0007CB7051","0007CD765E",NA,136.283893350544,"13",1,NA
"374",360855,"0007CB7051","0007CD765E",50.4262055599235,90.3803943184111,"13",1,"0007CD765E"
"375",1728441,"0007CB7051","0007CD765E",NA,691.379386674412,"13",1,NA
"376",1834536,"0007CB7051","0007CD765E",8.3635609264205,NA,"13",1,NA
"377",1834601,"0007CB7051","0007CD765E",8.12080329293384,1.85912223325121,"13",1,"0007CB7051"
"378",1836176,"0007CB7051","0007CD765E",2.45095973747993,NA,"13",1,NA
"379",1836556,"0007CB7051","0007CD765E",9.20978303887782,3.54462222437492,"13",1,"0007CB7051"
"380",1836841,"0007CB7051","0007CD765E",5.50351005207864,6.12820890027071,"13",1,"0007CD765E"
"381",2427175,"0007CB7051","0007CD765E",303.40538011076,544.686832394874,"13",1,"0007CD765E"
"382",2428168,"0007CB7051","0007CD765E",1.94947850005563,180.539333010102,"13",1,"0007CD765E"
"383",1528614,"0007CB7051","0007CD77C5",177.69212295352,146.819546263428,"13",1,"0007CB7051"
"384",1865038,"0007CB7051","0007CD77C5",NA,65.484003904817,"13",1,NA
"385",2411229,"0007CB7051","0007CD77C5",34.3436038552334,NA,"13",1,NA
"386",2412021,"0007CB7051","0007CD77C5",29.4599020409727,21.4233140477855,"13",1,"0007CB7051"
"387",2496402,"0007CB7051","0007CD77C5",71.5949557901038,10.4191780271781,"13",1,"0007CB7051"
"388",2572352,"0007CB7051","0007CD77C5",52.443621815564,NA,"13",1,NA
"389",2572507,"0007CB7051","0007CD77C5",28.3837143694684,22.0269375451212,"13",1,"0007CB7051"
"390",2577766,"0007CB7051","0007CD77C5",NA,72.463424445193,"13",1,NA
"391",2579101,"0007CB7051","0007CD77C5",NA,27.5958853657571,"13",1,NA
"392",2579900,"0007CB7051","0007CD77C5",28.9998840244165,10.0004878470399,"13",1,"0007CB7051"
"393",1885259,"0007CB7051","0007CDADED",NA,NA,"13",1,NA
"394",1894455,"0007CB7051","0007CDADED",NA,NA,"13",1,NA
"395",1955523,"0007CB7051","0007CDADED",15.9901972878665,250.250671486903,"13",1,"0007CDADED"
"396",61016,"0007CB7051","0007CDC443",18.1678463883613,235.215663470334,"13",1,"0007CDC443"
"397",61147,"0007CB7051","0007CDC443",668.124839718337,293.104620787108,"13",1,"0007CB7051"
"398",4599,"0007CB7051","0007CDDBAF",48.958961410609,NA,"13",1,NA
"399",5833,"0007CB7051","0007CDDBAF",81.7217925446815,NA,"13",1,NA
"400",360774,"0007CB7051","0007CDDBAF",NA,95.5727078059838,"13",1,NA
"401",360855,"0007CB7051","0007CDDBAF",50.4262055599235,80.6885298741547,"13",1,"0007CDDBAF"
"402",361039,"0007CB7051","0007CDDBAF",265.433606473264,736.674407919939,"13",1,"0007CDDBAF"
"403",361118,"0007CB7051","0007CDDBAF",6.48051997364966,709.00968522212,"13",1,"0007CDDBAF"
"404",1401154,"0007CB7051","0007CDDBAF",NA,NA,"13",1,NA
"405",1885313,"0007CB7051","0007CDDBAF",7.76224336559609,57.874150975997,"13",1,"0007CDDBAF"
"406",2408160,"0007CB7051","0007CDDBAF",NA,30.9544263376376,"13",1,NA
"407",2408227,"0007CB7051","0007CDDBAF",10.3959545644259,32.3712787678994,"13",1,"0007CDDBAF"
"408",2521910,"0007CB7051","0007CDDBAF",NA,30.8067866948104,"13",1,NA
"409",2547135,"0007CB7051","0007CDDBAF",38.4229864535619,17.0801442614966,"13",1,"0007CB7051"
"410",213773,"0007CD6778","0007AC2B02",87.1411304260256,9.51866579588794,"13",1,"0007CD6778"
"411",213829,"0007CD6778","0007AC2B02",72.2329996553304,8.0014957662867,"13",1,"0007CD6778"
"412",213926,"0007CD6778","0007AC2B02",54.6553078042304,16.0056304019714,"13",1,"0007CD6778"
"413",213993,"0007CD6778","0007AC2B02",21.1729271344761,7.94764418692315,"13",1,"0007CD6778"
"414",214035,"0007CD6778","0007AC2B02",30.6053320884061,10.5544518827701,"13",1,"0007CD6778"
"415",214082,"0007CD6778","0007AC2B02",29.1909080092903,22.9163785760535,"13",1,"0007CD6778"
"416",214232,"0007CD6778","0007AC2B02",40.3647483126497,26.1110218444858,"13",1,"0007CD6778"
"417",215828,"0007CD6778","0007AC2B02",NA,102.223979547316,"13",1,NA
"418",216384,"0007CD6778","0007AC2B02",96.5125768037394,8.35369893586251,"13",1,"0007CD6778"
"419",216472,"0007CD6778","0007AC2B02",131.732745736167,62.1452867227786,"13",1,"0007CD6778"
"420",217099,"0007CD6778","0007AC2B02",387.104923909446,14.8212371546264,"13",1,"0007CD6778"
"421",217167,"0007CD6778","0007AC2B02",316.922487621883,29.7857642343998,"13",1,"0007CD6778"
"422",217271,"0007CD6778","0007AC2B02",166.857208998071,32.1852109542116,"13",1,"0007CD6778"
"423",217350,"0007CD6778","0007AC2B02",40.8767782555019,51.3304233287557,"13",1,"0007AC2B02"
"424",217551,"0007CD6778","0007AC2B02",88.9577525382225,47.5870313607507,"13",1,"0007CD6778"
"425",217655,"0007CD6778","0007AC2B02",26.3461047158499,64.7128795573961,"13",1,"0007AC2B02"
"426",218019,"0007CD6778","0007AC2B02",29.1623994903264,29.3497709951467,"13",1,"0007AC2B02"
"427",218256,"0007CD6778","0007AC2B02",NA,10.6297303390971,"13",1,NA
"428",471935,"0007CD6778","0007AC2B02",677.044916996452,4.247338834928,"13",1,"0007CD6778"
"429",1374273,"0007CD6778","0007AC2B02",50.7370836940283,137.498150455061,"13",1,"0007AC2B02"
"430",1832190,"0007CD6778","0007AC2B02",NA,21.6013441645116,"13",1,NA
"431",1832637,"0007CD6778","0007AC2B02",NA,37.5793251459867,"13",1,NA
"432",1947766,"0007CD6778","0007CB0942",23.3263574449509,100.080711039056,"13",1,"0007CB0942"
"433",1947910,"0007CD6778","0007CB0942",29.7101111573266,5.29021813215303,"13",1,"0007CD6778"
"434",2413778,"0007CD6778","0007CB0942",144.029299434511,4.96773378963292,"13",1,"0007CD6778"
"435",430371,"0007CD6778","0007CB7051",NA,10.7637252574088,"13",1,NA
"436",480948,"0007CD6778","0007CB7051",NA,16.9742726995207,"13",1,NA
"437",2413250,"0007CD6778","0007CB7051",NA,33.3278259724678,"13",1,NA
"438",2421286,"0007CD6778","0007CB7051",267.633140701766,211.075440667649,"13",1,"0007CD6778"
"439",2425181,"0007CD6778","0007CB7051",20.0617664943495,NA,"13",1,NA
"440",2444365,"0007CD6778","0007CB7051",24.1368915257483,NA,"13",1,NA
"441",2444440,"0007CD6778","0007CB7051",29.7490480540774,18.5652920019757,"13",1,"0007CD6778"
"442",2444873,"0007CD6778","0007CB7051",14.8831682468804,NA,"13",1,NA
"443",2445670,"0007CD6778","0007CB7051",NA,14.2916190223909,"13",1,NA
"444",2445877,"0007CD6778","0007CB7051",50.5670373757007,NA,"13",1,NA
"445",2413892,"0007CD6778","0007CD765E",163.353056902118,NA,"13",1,NA
"446",11814,"0007CD6778","0007CD77C5",14.9839537669911,455.123052219497,"13",1,"0007CD77C5"
"447",11878,"0007CD6778","0007CD77C5",45.6158290839039,347.047373434077,"13",1,"0007CD77C5"
"448",1875206,"0007CD6778","0007CD77C5",64.1283785563367,314.343345278118,"13",1,"0007CD77C5"
"449",1919501,"0007CD6778","0007CD77C5",NA,32.8181554007495,"13",1,NA
"450",2210258,"0007CD6778","0007CD77C5",417.704692000291,55.6896194814624,"13",1,"0007CD6778"
"451",2407044,"0007CD6778","0007CD77C5",480.908979461042,227.221056613525,"13",1,"0007CD6778"
"452",2243449,"0007CD6778","0007CDADED",119.158473474287,306.755103492703,"13",1,"0007CDADED"
"453",1873932,"0007CD6778","0007CDC443",4.51163748735037,NA,"13",1,NA
"454",1873975,"0007CD6778","0007CDC443",4.6905004913662,1.54636640525474,"13",1,"0007CD6778"
"455",1874047,"0007CD6778","0007CDC443",4.70074720859111,3.9793493038541,"13",1,"0007CD6778"
"456",1624150,"0007CD6778","0007CDDBAF",NA,NA,"13",1,NA
"457",8847,"0007CD765E","0007AC2B02",NA,41.2365260953427,"13",1,NA
"458",9021,"0007CD765E","0007AC2B02",18.1495575788415,17.5629134695593,"13",1,"0007CD765E"
"459",77914,"0007CD765E","0007AC2B02",7.01479455212355,22.4587122417891,"13",1,"0007AC2B02"
"460",77954,"0007CD765E","0007AC2B02",11.1379681905584,11.0660380263223,"13",1,"0007CD765E"
"461",79621,"0007CD765E","0007AC2B02",545.303620025094,40.3787742375642,"13",1,"0007CD765E"
"462",88234,"0007CD765E","0007AC2B02",NA,74.2762790860633,"13",1,NA
"463",88546,"0007CD765E","0007AC2B02",1607.87164783108,36.2159749362033,"13",1,"0007CD765E"
"464",95762,"0007CD765E","0007AC2B02",NA,34.7342239678632,"13",1,NA
"465",110040,"0007CD765E","0007AC2B02",230.682173050834,43.0934275383673,"13",1,"0007CD765E"
"466",128260,"0007CD765E","0007AC2B02",23.4211181323383,26.3826378538229,"13",1,"0007AC2B02"
"467",136372,"0007CD765E","0007AC2B02",NA,9.77964826244291,"13",1,NA
"468",138857,"0007CD765E","0007AC2B02",NA,4.3610935128662,"13",1,NA
"469",139062,"0007CD765E","0007AC2B02",3.2441597817512,13.5495796058328,"13",1,"0007AC2B02"
"470",139724,"0007CD765E","0007AC2B02",5.06509426791118,NA,"13",1,NA
"471",139851,"0007CD765E","0007AC2B02",4.94676753895081,2.01513727241784,"13",1,"0007CD765E"
"472",140159,"0007CD765E","0007AC2B02",1781.08385491337,2.91228802031732,"13",1,"0007CD765E"
"473",140871,"0007CD765E","0007AC2B02",1469.36329727103,3.54540217758968,"13",1,"0007CD765E"
"474",141577,"0007CD765E","0007AC2B02",1112.79933055557,4.05758357439202,"13",1,"0007CD765E"
"475",141917,"0007CD765E","0007AC2B02",1174.27983362955,219.585484882333,"13",1,"0007CD765E"
"476",144094,"0007CD765E","0007AC2B02",670.427374802708,4.68126559032846,"13",1,"0007CD765E"
"477",149293,"0007CD765E","0007AC2B02",7.74159153558932,21.9336118495611,"13",1,"0007AC2B02"
"478",175692,"0007CD765E","0007AC2B02",4.49309800116834,NA,"13",1,NA
"479",175857,"0007CD765E","0007AC2B02",4.70722085703822,1.48584690923125,"13",1,"0007CD765E"
"480",176073,"0007CD765E","0007AC2B02",4.32321295291146,1.40081881561305,"13",1,"0007CD765E"
"481",176309,"0007CD765E","0007AC2B02",4.04149444793975,0.939145869150031,"13",1,"0007CD765E"
"482",176416,"0007CD765E","0007AC2B02",4.70501684381869,0.761434004954259,"13",1,"0007CD765E"
"483",176510,"0007CD765E","0007AC2B02",3.67167256509674,0.876800661162643,"13",1,"0007CD765E"
"484",176939,"0007CD765E","0007AC2B02",4.53418976530105,NA,"13",1,NA
"485",200756,"0007CD765E","0007AC2B02",NA,4.56737216945849,"13",1,NA
"486",200804,"0007CD765E","0007AC2B02",5.2867797274563,8.48850759645897,"13",1,"0007AC2B02"
"487",201918,"0007CD765E","0007AC2B02",3.76644648257353,4.4749845217926,"13",1,"0007AC2B02"
"488",202171,"0007CD765E","0007AC2B02",NA,4.94743660912996,"13",1,NA
"489",202916,"0007CD765E","0007AC2B02",NA,6.83720608524867,"13",1,NA
"490",203327,"0007CD765E","0007AC2B02",NA,21.672530029441,"13",1,NA
"491",259507,"0007CD765E","0007AC2B02",44.3299707734582,38.1055803479145,"13",1,"0007CD765E"
"492",341174,"0007CD765E","0007AC2B02",47.7693821217969,49.6203010507371,"13",1,"0007AC2B02"
"493",365808,"0007CD765E","0007AC2B02",260.934036110803,NA,"13",1,NA
"494",365921,"0007CD765E","0007AC2B02",31.4422175297564,14.8705515768515,"13",1,"0007CD765E"
"495",369093,"0007CD765E","0007AC2B02",294.971749650471,NA,"13",1,NA
"496",419312,"0007CD765E","0007AC2B02",NA,10.9187621432626,"13",1,NA
"497",419947,"0007CD765E","0007AC2B02",16.2163013857361,14.359649654962,"13",1,"0007CD765E"
"498",420058,"0007CD765E","0007AC2B02",21.9306268201923,17.3078019710039,"13",1,"0007CD765E"
"499",420114,"0007CD765E","0007AC2B02",15.4799710267056,15.0051353563425,"13",1,"0007CD765E"
"500",1555791,"0007CD765E","0007AC2B02",NA,341.21607053388,"13",1,NA
"501",1555875,"0007CD765E","0007AC2B02",116.503782045011,88.8321379444398,"13",1,"0007CD765E"
"502",1564453,"0007CD765E","0007AC2B02",143.357764646205,4.42664095172799,"13",1,"0007CD765E"
"503",1564516,"0007CD765E","0007AC2B02",156.837720695361,13.1001231124205,"13",1,"0007CD765E"
"504",1565434,"0007CD765E","0007AC2B02",NA,130.892609560597,"13",1,NA
"505",1566039,"0007CD765E","0007AC2B02",165.317009631375,131.13725550651,"13",1,"0007CD765E"
"506",1567704,"0007CD765E","0007AC2B02",92.9311107333777,586.318447300961,"13",1,"0007AC2B02"
"507",1715345,"0007CD765E","0007AC2B02",343.572617086031,NA,"13",1,NA
"508",1797543,"0007CD765E","0007AC2B02",NA,14.9341478335135,"13",1,NA
"509",1984203,"0007CD765E","0007AC2B02",NA,88.1382293385338,"13",1,NA
"510",2035854,"0007CD765E","0007AC2B02",NA,44.152439968718,"13",1,NA
"511",2052083,"0007CD765E","0007AC2B02",53.5140250270995,NA,"13",1,NA
"512",2093239,"0007CD765E","0007AC2B02",NA,15.1987090948707,"13",1,NA
"513",2441689,"0007CD765E","0007AC2B02",15.4662596329213,33.4604219934897,"13",1,"0007AC2B02"
"514",2492203,"0007CD765E","0007AC2B02",NA,NA,"13",1,NA
"515",2497413,"0007CD765E","0007AC2B02",NA,35.6513502845474,"13",1,NA
"516",1488,"0007CD765E","0007CB0942",57.6902993138566,NA,"13",1,NA
"517",1564,"0007CD765E","0007CB0942",128.3757513766,55.0690151392162,"13",1,"0007CD765E"
"518",55650,"0007CD765E","0007CB0942",NA,25.5781456038842,"13",1,NA
"519",55887,"0007CD765E","0007CB0942",55.5063886208906,54.0950672827831,"13",1,"0007CD765E"
"520",1399947,"0007CD765E","0007CB0942",10.4443143171925,NA,"13",1,NA
"521",141973,"0007CD765E","0007CB44CE",1514.22257680778,NA,"13",1,NA
"522",142218,"0007CD765E","0007CB44CE",9.33703824554299,NA,"13",1,NA
"523",207320,"0007CD765E","0007CB7051",NA,NA,"13",1,NA
"524",261107,"0007CD765E","0007CB7051",455.780047472897,76.2756093524153,"13",1,"0007CD765E"
"525",360510,"0007CD765E","0007CB7051",239.465784909189,8.32216237851192,"13",1,"0007CD765E"
"526",360774,"0007CD765E","0007CB7051",136.283893350544,NA,"13",1,NA
"527",360855,"0007CD765E","0007CB7051",90.3803943184111,50.4262055599235,"13",1,"0007CD765E"
"528",1728441,"0007CD765E","0007CB7051",691.379386674412,NA,"13",1,NA
"529",1834536,"0007CD765E","0007CB7051",NA,8.3635609264205,"13",1,NA
"530",1834601,"0007CD765E","0007CB7051",1.85912223325121,8.12080329293384,"13",1,"0007CB7051"
"531",1836176,"0007CD765E","0007CB7051",NA,2.45095973747993,"13",1,NA
"532",1836556,"0007CD765E","0007CB7051",3.54462222437492,9.20978303887782,"13",1,"0007CB7051"
"533",1836841,"0007CD765E","0007CB7051",6.12820890027071,5.50351005207864,"13",1,"0007CD765E"
"534",2427175,"0007CD765E","0007CB7051",544.686832394874,303.40538011076,"13",1,"0007CD765E"
"535",2428168,"0007CD765E","0007CB7051",180.539333010102,1.94947850005563,"13",1,"0007CD765E"
"536",2413892,"0007CD765E","0007CD6778",NA,163.353056902118,"13",1,NA
"537",370407,"0007CD765E","0007CD77C5",NA,55.4747373782884,"13",1,NA
"538",381574,"0007CD765E","0007CD77C5",NA,31.4876059515327,"13",1,NA
"539",1594493,"0007CD765E","0007CD77C5",NA,31.6068157525189,"13",1,NA
"540",1915779,"0007CD765E","0007CD77C5",NA,44.2984897971796,"13",1,NA
"541",2475605,"0007CD765E","0007CD77C5",NA,323.190477603081,"13",1,NA
"542",2578609,"0007CD765E","0007CD77C5",NA,38.4049302898754,"13",1,NA
"543",2593755,"0007CD765E","0007CD77C5",27.6512264992294,460.273084896817,"13",1,"0007CD77C5"
"544",365334,"0007CD765E","0007CDADED",248.093393910471,3.92512507876822,"13",1,"0007CD765E"
"545",369934,"0007CD765E","0007CDADED",403.212164218946,12.4389604211103,"13",1,"0007CD765E"
"546",370484,"0007CD765E","0007CDADED",247.284793356911,3.65002563209005,"13",1,"0007CD765E"
"547",1731417,"0007CD765E","0007CDADED",284.09588779586,322.11831360616,"13",1,"0007CDADED"
"548",1964417,"0007CD765E","0007CDADED",263.260313406864,7.27723262708808,"13",1,"0007CD765E"
"549",366021,"0007CD765E","0007CDC443",53.2597993624791,NA,"13",1,NA
"550",1286619,"0007CD765E","0007CDC443",NA,12.0061866986701,"13",1,NA
"551",2302894,"0007CD765E","0007CDC443",39.9709950926856,39.0018082688359,"13",1,"0007CD765E"
"552",42898,"0007CD765E","0007CDDBAF",86.5155887436063,NA,"13",1,NA
"553",102252,"0007CD765E","0007CDDBAF",238.181796063271,39.0830955359571,"13",1,"0007CD765E"
"554",129523,"0007CD765E","0007CDDBAF",230.197253057891,4.08325854462795,"13",1,"0007CD765E"
"555",360610,"0007CD765E","0007CDDBAF",197.9054796762,46.3559689255101,"13",1,"0007CD765E"
"556",360718,"0007CD765E","0007CDDBAF",93.2074066838486,43.8501746949007,"13",1,"0007CD765E"
"557",10830,"0007CD77C5","0007AC2B02",46.2443814568794,471.590108598051,"13",1,"0007AC2B02"
"558",95226,"0007CD77C5","0007AC2B02",NA,NA,"13",1,NA
"559",154438,"0007CD77C5","0007AC2B02",191.201759449486,4.12679313018619,"13",1,"0007CD77C5"
"560",172869,"0007CD77C5","0007AC2B02",241.620473578194,5.05877775013155,"13",1,"0007CD77C5"
"561",381102,"0007CD77C5","0007AC2B02",373.557753332819,NA,"13",1,NA
"562",381408,"0007CD77C5","0007AC2B02",98.0494742004407,35.133332929996,"13",1,"0007CD77C5"
"563",381691,"0007CD77C5","0007AC2B02",47.7135684071184,NA,"13",1,NA
"564",381817,"0007CD77C5","0007AC2B02",57.2385444392875,46.8618539989938,"13",1,"0007CD77C5"
"565",381956,"0007CD77C5","0007AC2B02",75.2669558592068,76.9095193925468,"13",1,"0007AC2B02"
"566",1554904,"0007CD77C5","0007AC2B02",4.74793780317731,195.515181833366,"13",1,"0007AC2B02"
"567",1555739,"0007CD77C5","0007AC2B02",33.1424379690391,314.515936203102,"13",1,"0007AC2B02"
"568",1561667,"0007CD77C5","0007AC2B02",539.674223006304,250.458806053272,"13",1,"0007CD77C5"
"569",1594622,"0007CD77C5","0007AC2B02",12.9293393583068,NA,"13",1,NA
"570",1780495,"0007CD77C5","0007AC2B02",145.541235652223,73.9585475335775,"13",1,"0007CD77C5"
"571",1780777,"0007CD77C5","0007AC2B02",NA,24.1717364154387,"13",1,NA
"572",1818318,"0007CD77C5","0007AC2B02",NA,10.8683935218047,"13",1,NA
"573",1818492,"0007CD77C5","0007AC2B02",38.6505754736931,14.3237153264606,"13",1,"0007CD77C5"
"574",1818561,"0007CD77C5","0007AC2B02",40.4108894961222,17.5600904034599,"13",1,"0007CD77C5"
"575",1818732,"0007CD77C5","0007AC2B02",104.269643472944,18.477968134172,"13",1,"0007CD77C5"
"576",1819373,"0007CD77C5","0007AC2B02",237.640159282506,7.13661400909403,"13",1,"0007CD77C5"
"577",1829313,"0007CD77C5","0007AC2B02",NA,9.96148534361977,"13",1,NA
"578",1829683,"0007CD77C5","0007AC2B02",11.5281787346194,NA,"13",1,NA
"579",1830011,"0007CD77C5","0007AC2B02",10.7210281779586,NA,"13",1,NA
"580",1830337,"0007CD77C5","0007AC2B02",60.5143542560259,NA,"13",1,NA
"581",1921327,"0007CD77C5","0007AC2B02",17.6830554841391,NA,"13",1,NA
"582",1922323,"0007CD77C5","0007AC2B02",47.9103619835631,423.741663964977,"13",1,"0007AC2B02"
"583",2064157,"0007CD77C5","0007AC2B02",1067.65638293407,1010.68177781532,"13",1,"0007CD77C5"
"584",2323323,"0007CD77C5","0007AC2B02",638.389085364311,609.36598736589,"13",1,"0007CD77C5"
"585",2327407,"0007CD77C5","0007AC2B02",50.4087681347943,523.912810358083,"13",1,"0007AC2B02"
"586",2327541,"0007CD77C5","0007AC2B02",32.5655868391016,205.955067824849,"13",1,"0007AC2B02"
"587",2327649,"0007CD77C5","0007AC2B02",162.772023680302,128.797808854643,"13",1,"0007CD77C5"
"588",2475550,"0007CD77C5","0007AC2B02",417.722833420405,90.5880406884479,"13",1,"0007CD77C5"
"589",2480585,"0007CD77C5","0007AC2B02",267.237319547521,322.350836053937,"13",1,"0007AC2B02"
"590",2480751,"0007CD77C5","0007AC2B02",794.300872514387,118.537302980369,"13",1,"0007CD77C5"
"591",2480831,"0007CD77C5","0007AC2B02",571.757634203476,279.461997954122,"13",1,"0007CD77C5"
"592",2480923,"0007CD77C5","0007AC2B02",392.063444921882,500.71737379387,"13",1,"0007AC2B02"
"593",2481279,"0007CD77C5","0007AC2B02",735.407191385185,391.401011110267,"13",1,"0007CD77C5"
"594",2578130,"0007CD77C5","0007AC2B02",48.9857711573205,353.672793270223,"13",1,"0007AC2B02"
"595",2578484,"0007CD77C5","0007AC2B02",45.901579712653,NA,"13",1,NA
"596",2581679,"0007CD77C5","0007AC2B02",17.2825652603979,NA,"13",1,NA
"597",1544024,"0007CD77C5","0007CB0942",5.17733198747861,341.460332780235,"13",1,"0007CB0942"
"598",1545138,"0007CD77C5","0007CB0942",9.87959353213338,189.094459262487,"13",1,"0007CB0942"
"599",1617346,"0007CD77C5","0007CB0942",61.6176650552173,31.8344680278589,"13",1,"0007CD77C5"
"600",1865516,"0007CD77C5","0007CB0942",103.978205361674,NA,"13",1,NA
"601",1865591,"0007CD77C5","0007CB0942",98.7492103066903,93.6398342806249,"13",1,"0007CD77C5"
"602",1866073,"0007CD77C5","0007CB0942",104.880405893233,798.567573904101,"13",1,"0007CB0942"
"603",1866302,"0007CD77C5","0007CB0942",106.800626713885,187.208463634045,"13",1,"0007CB0942"
"604",1866955,"0007CD77C5","0007CB0942",69.7316257729656,385.826555445141,"13",1,"0007CB0942"
"605",1867591,"0007CD77C5","0007CB0942",26.8491905623045,298.033135546834,"13",1,"0007CB0942"
"606",1874259,"0007CD77C5","0007CB0942",57.2309475747614,NA,"13",1,NA
"607",1908177,"0007CD77C5","0007CB0942",3.91948263190157,202.046153801032,"13",1,"0007CB0942"
"608",1909449,"0007CD77C5","0007CB0942",26.3071968535984,NA,"13",1,NA
"609",1910158,"0007CD77C5","0007CB0942",24.5313761439766,NA,"13",1,NA
"610",1918734,"0007CD77C5","0007CB0942",26.4218726176105,NA,"13",1,NA
"611",1918794,"0007CD77C5","0007CB0942",45.0667771047424,22.1896774793881,"13",1,"0007CD77C5"
"612",1918893,"0007CD77C5","0007CB0942",51.0645821728259,78.0589264274211,"13",1,"0007CB0942"
"613",1918985,"0007CD77C5","0007CB0942",53.743597787297,84.3971864908709,"13",1,"0007CB0942"
"614",1919031,"0007CD77C5","0007CB0942",44.7450442228587,15.9486655129623,"13",1,"0007CD77C5"
"615",1919361,"0007CD77C5","0007CB0942",4.89604802463467,17.886015755336,"13",1,"0007CB0942"
"616",1919456,"0007CD77C5","0007CB0942",28.4297321251009,11.168128759001,"13",1,"0007CD77C5"
"617",1919614,"0007CD77C5","0007CB0942",18.7899273201683,8.35278512165747,"13",1,"0007CD77C5"
"618",1920254,"0007CD77C5","0007CB0942",43.0051355540257,29.8798546660582,"13",1,"0007CD77C5"
"619",1920516,"0007CD77C5","0007CB0942",55.6489045041288,17.2692571592639,"13",1,"0007CD77C5"
"620",1941218,"0007CD77C5","0007CB0942",NA,NA,"13",1,NA
"621",1942530,"0007CD77C5","0007CB0942",288.03976708203,6.38957099138512,"13",1,"0007CD77C5"
"622",2579566,"0007CD77C5","0007CB0942",55.203276455587,18.8213686510195,"13",1,"0007CD77C5"
"623",2579725,"0007CD77C5","0007CB0942",87.309698618889,81.8208733400119,"13",1,"0007CD77C5"
"624",720876,"0007CD77C5","0007CB44CE",NA,39.9202535558137,"13",1,NA
"625",721104,"0007CD77C5","0007CB44CE",84.5095935624226,NA,"13",1,NA
"626",1921099,"0007CD77C5","0007CB44CE",26.2842924836432,NA,"13",1,NA
"627",1922073,"0007CD77C5","0007CB44CE",25.7554688869775,330.150883168013,"13",1,"0007CB44CE"
"628",1922717,"0007CD77C5","0007CB44CE",21.8610557513362,NA,"13",1,NA
"629",1941504,"0007CD77C5","0007CB44CE",52.4138437385973,NA,"13",1,NA
"630",1941616,"0007CD77C5","0007CB44CE",13.3924738162356,2.35159092814875,"13",1,"0007CD77C5"
"631",1987229,"0007CD77C5","0007CB44CE",114.819072583328,NA,"13",1,NA
"632",2176212,"0007CD77C5","0007CB44CE",NA,44.0563421717651,"13",1,NA
"633",2577957,"0007CD77C5","0007CB44CE",79.6348903717209,NA,"13",1,NA
"634",2578036,"0007CD77C5","0007CB44CE",52.1133248858714,27.9616387890203,"13",1,"0007CD77C5"
"635",1528614,"0007CD77C5","0007CB7051",146.819546263428,177.69212295352,"13",1,"0007CB7051"
"636",1865038,"0007CD77C5","0007CB7051",65.484003904817,NA,"13",1,NA
"637",2411229,"0007CD77C5","0007CB7051",NA,34.3436038552334,"13",1,NA
"638",2412021,"0007CD77C5","0007CB7051",21.4233140477855,29.4599020409727,"13",1,"0007CB7051"
"639",2496402,"0007CD77C5","0007CB7051",10.4191780271781,71.5949557901038,"13",1,"0007CB7051"
"640",2572352,"0007CD77C5","0007CB7051",NA,52.443621815564,"13",1,NA
"641",2572507,"0007CD77C5","0007CB7051",22.0269375451212,28.3837143694684,"13",1,"0007CB7051"
"642",2577766,"0007CD77C5","0007CB7051",72.463424445193,NA,"13",1,NA
"643",2579101,"0007CD77C5","0007CB7051",27.5958853657571,NA,"13",1,NA
"644",2579900,"0007CD77C5","0007CB7051",10.0004878470399,28.9998840244165,"13",1,"0007CB7051"
"645",11814,"0007CD77C5","0007CD6778",455.123052219497,14.9839537669911,"13",1,"0007CD77C5"
"646",11878,"0007CD77C5","0007CD6778",347.047373434077,45.6158290839039,"13",1,"0007CD77C5"
"647",1875206,"0007CD77C5","0007CD6778",314.343345278118,64.1283785563367,"13",1,"0007CD77C5"
"648",1919501,"0007CD77C5","0007CD6778",32.8181554007495,NA,"13",1,NA
"649",2210258,"0007CD77C5","0007CD6778",55.6896194814624,417.704692000291,"13",1,"0007CD6778"
"650",2407044,"0007CD77C5","0007CD6778",227.221056613525,480.908979461042,"13",1,"0007CD6778"
"651",370407,"0007CD77C5","0007CD765E",55.4747373782884,NA,"13",1,NA
"652",381574,"0007CD77C5","0007CD765E",31.4876059515327,NA,"13",1,NA
"653",1594493,"0007CD77C5","0007CD765E",31.6068157525189,NA,"13",1,NA
"654",1915779,"0007CD77C5","0007CD765E",44.2984897971796,NA,"13",1,NA
"655",2475605,"0007CD77C5","0007CD765E",323.190477603081,NA,"13",1,NA
"656",2578609,"0007CD77C5","0007CD765E",38.4049302898754,NA,"13",1,NA
"657",2593755,"0007CD77C5","0007CD765E",460.273084896817,27.6512264992294,"13",1,"0007CD77C5"
"658",134,"0007CD77C5","0007CDADED",270.302202565247,71.3448230317262,"13",1,"0007CD77C5"
"659",180,"0007CD77C5","0007CDADED",332.487317849035,57.781052185299,"13",1,"0007CD77C5"
"660",270,"0007CD77C5","0007CDADED",162.244613913601,18.8278971716256,"13",1,"0007CD77C5"
"661",432,"0007CD77C5","0007CDADED",28.577541912417,32.5762998411536,"13",1,"0007CDADED"
"662",597,"0007CD77C5","0007CDADED",64.0802447588755,18.1629990677777,"13",1,"0007CD77C5"
"663",5570,"0007CD77C5","0007CDADED",318.765418451795,63.3447943393749,"13",1,"0007CD77C5"
"664",5703,"0007CD77C5","0007CDADED",67.3212747953749,170.373255895145,"13",1,"0007CDADED"
"665",381101,"0007CD77C5","0007CDADED",367.390851821592,3.62468994737422,"13",1,"0007CD77C5"
"666",381227,"0007CD77C5","0007CDADED",180.818495481793,15.3159401221726,"13",1,"0007CD77C5"
"667",381853,"0007CD77C5","0007CDADED",69.5759489157311,NA,"13",1,NA
"668",381956,"0007CD77C5","0007CDADED",75.2669558592068,123.672546244539,"13",1,"0007CDADED"
"669",382084,"0007CD77C5","0007CDADED",39.0324503859108,29.9998371413853,"13",1,"0007CD77C5"
"670",382267,"0007CD77C5","0007CDADED",48.9250439511028,17.6837399175314,"13",1,"0007CD77C5"
"671",382613,"0007CD77C5","0007CDADED",27.3821053271266,39.7443715455115,"13",1,"0007CDADED"
"672",1545219,"0007CD77C5","0007CDADED",29.2007313112447,NA,"13",1,NA
"673",1617434,"0007CD77C5","0007CDADED",120.844022350645,NA,"13",1,NA
"674",1621094,"0007CD77C5","0007CDADED",58.9201061734553,1047.73007854956,"13",1,"0007CDADED"
"675",1621490,"0007CD77C5","0007CDADED",24.7519595484738,NA,"13",1,NA
"676",1856845,"0007CD77C5","0007CDADED",262.045177394832,16.9433125021277,"13",1,"0007CD77C5"
"677",1865388,"0007CD77C5","0007CDADED",695.787286665928,NA,"13",1,NA
"678",1865439,"0007CD77C5","0007CDADED",505.455924416087,58.399164170684,"13",1,"0007CD77C5"
"679",1882284,"0007CD77C5","0007CDADED",449.797696164547,NA,"13",1,NA
"680",1908864,"0007CD77C5","0007CDADED",26.2938554057211,NA,"13",1,NA
"681",2311191,"0007CD77C5","0007CDADED",18.5000535916168,500.666336036186,"13",1,"0007CDADED"
"682",2311416,"0007CD77C5","0007CDADED",24.1373478571913,120.749337912602,"13",1,"0007CDADED"
"683",2496667,"0007CD77C5","0007CDADED",30.0927720773438,NA,"13",1,NA
"684",2498954,"0007CD77C5","0007CDADED",6.11633029373494,NA,"13",1,NA
"685",381780,"0007CD77C5","0007CDC443",52.6569141819862,NA,"13",1,NA
"686",1594769,"0007CD77C5","0007CDC443",19.7999087000918,NA,"13",1,NA
"687",1849824,"0007CD77C5","0007CDC443",NA,42.5673649772537,"13",1,NA
"688",1850743,"0007CD77C5","0007CDC443",NA,30.3097323779311,"13",1,NA
"689",1907279,"0007CD77C5","0007CDC443",10.8413837575721,NA,"13",1,NA
"690",1911191,"0007CD77C5","0007CDC443",14.2600617971721,171.690138215671,"13",1,"0007CDC443"
"691",1917951,"0007CD77C5","0007CDC443",14.5580742719149,NA,"13",1,NA
"692",1918108,"0007CD77C5","0007CDC443",19.1493887090626,63.0477318316357,"13",1,"0007CDC443"
"693",1918295,"0007CD77C5","0007CDC443",32.8264367687591,NA,"13",1,NA
"694",1919442,"0007CD77C5","0007CDC443",23.0046263199269,NA,"13",1,NA
"695",2487204,"0007CD77C5","0007CDC443",11.5188580993619,NA,"13",1,NA
"696",2577511,"0007CD77C5","0007CDC443",32.7688944984592,NA,"13",1,NA
"697",2579434,"0007CD77C5","0007CDC443",58.4024481669242,NA,"13",1,NA
"698",33660,"0007CD77C5","0007CDDBAF",295.427485767463,608.156874398819,"13",1,"0007CDDBAF"
"699",381235,"0007CD77C5","0007CDDBAF",148.503168631319,NA,"13",1,NA
"700",721058,"0007CD77C5","0007CDDBAF",89.7302415967089,NA,"13",1,NA
"701",1857604,"0007CD77C5","0007CDDBAF",346.004041884152,3.99927559995999,"13",1,"0007CD77C5"
"702",1857701,"0007CD77C5","0007CDDBAF",319.703655246238,46.9742139330941,"13",1,"0007CD77C5"
"703",2401282,"0007CD77C5","0007CDDBAF",362.002958587536,10.3624759514856,"13",1,"0007CD77C5"
"704",2401341,"0007CD77C5","0007CDDBAF",261.199935751207,72.4723715854425,"13",1,"0007CD77C5"
"705",2402129,"0007CD77C5","0007CDDBAF",270.132495845958,16.4545824469513,"13",1,"0007CD77C5"
"706",2402204,"0007CD77C5","0007CDDBAF",311.258227876257,35.563294647621,"13",1,"0007CD77C5"
"707",2411716,"0007CD77C5","0007CDDBAF",NA,NA,"13",1,NA
"708",2489980,"0007CD77C5","0007CDDBAF",8.43235333106832,264.739238645355,"13",1,"0007CDDBAF"
"709",2490831,"0007CD77C5","0007CDDBAF",10.2943700656527,128.530444268952,"13",1,"0007CDDBAF"
"710",2572080,"0007CD77C5","0007CDDBAF",19.9277013680698,NA,"13",1,NA
"711",371869,"0007CDADED","0007AC2B02",3.99326695881708,174.637686606222,"13",1,"0007AC2B02"
"712",371920,"0007CDADED","0007AC2B02",11.2921069182074,217.48959026254,"13",1,"0007AC2B02"
"713",372582,"0007CDADED","0007AC2B02",15.743911585711,64.4571503717648,"13",1,"0007AC2B02"
"714",373167,"0007CDADED","0007AC2B02",NA,63.0501806153579,"13",1,NA
"715",373398,"0007CDADED","0007AC2B02",14.1439762170501,35.4894161024055,"13",1,"0007AC2B02"
"716",381925,"0007CDADED","0007AC2B02",83.8770643422093,62.9306924686554,"13",1,"0007CDADED"
"717",1814486,"0007CDADED","0007AC2B02",NA,12.5743316511881,"13",1,NA
"718",1814592,"0007CDADED","0007AC2B02",35.4709922866833,24.2813601132934,"13",1,"0007CDADED"
"719",1958838,"0007CDADED","0007AC2B02",9.00222038770709,284.52904814115,"13",1,"0007AC2B02"
"720",2108807,"0007CDADED","0007AC2B02",22.5589575730046,272.974320428007,"13",1,"0007AC2B02"
"721",2109860,"0007CDADED","0007AC2B02",NA,7.56061273854577,"13",1,NA
"722",37371,"0007CDADED","0007CB0942",6.53461451343537,NA,"13",1,NA
"723",59959,"0007CDADED","0007CB0942",1238.66230229698,271.167270102397,"13",1,"0007CDADED"
"724",60076,"0007CDADED","0007CB0942",114.337597567534,68.1660371181668,"13",1,"0007CDADED"
"725",60176,"0007CDADED","0007CB0942",450.359948189283,62.9947828025105,"13",1,"0007CDADED"
"726",112054,"0007CDADED","0007CB0942",44.1080482927643,62.3161972374853,"13",1,"0007CB0942"
"727",112283,"0007CDADED","0007CB0942",NA,64.0644703138158,"13",1,NA
"728",364839,"0007CDADED","0007CB0942",15.8334217156574,NA,"13",1,NA
"729",364901,"0007CDADED","0007CB0942",13.1964938561025,24.8630898051228,"13",1,"0007CB0942"
"730",375618,"0007CDADED","0007CB0942",4.5140371269227,361.075598021247,"13",1,"0007CB0942"
"731",375784,"0007CDADED","0007CB0942",27.367237355942,22.0647086312211,"13",1,"0007CDADED"
"732",375926,"0007CDADED","0007CB0942",14.0176097292164,NA,"13",1,NA
"733",376032,"0007CDADED","0007CB0942",13.1441855698417,3.40956281702803,"13",1,"0007CDADED"
"734",376269,"0007CDADED","0007CB0942",18.4133062443495,13.4917136887684,"13",1,"0007CDADED"
"735",376896,"0007CDADED","0007CB0942",NA,20.0767535344118,"13",1,NA
"736",377106,"0007CDADED","0007CB0942",26.4193742227776,16.3906442809403,"13",1,"0007CDADED"
"737",377223,"0007CDADED","0007CB0942",16.5522135511858,36.5184733516311,"13",1,"0007CB0942"
"738",377712,"0007CDADED","0007CB0942",NA,42.7234419524301,"13",1,NA
"739",379712,"0007CDADED","0007CB0942",NA,NA,"13",1,NA
"740",431682,"0007CDADED","0007CB0942",681.505646558896,6.77151538143218,"13",1,"0007CDADED"
"741",431760,"0007CDADED","0007CB0942",1087.55331069981,5.89631630661039,"13",1,"0007CDADED"
"742",431895,"0007CDADED","0007CB0942",1011.38156381572,6.05935931984657,"13",1,"0007CDADED"
"743",432661,"0007CDADED","0007CB0942",462.919563470459,35.623006565986,"13",1,"0007CDADED"
"744",927661,"0007CDADED","0007CB0942",NA,220.463349905525,"13",1,NA
"745",930473,"0007CDADED","0007CB0942",NA,5.2671759009467,"13",1,NA
"746",1121684,"0007CDADED","0007CB0942",48.2375679674402,NA,"13",1,NA
"747",1573651,"0007CDADED","0007CB0942",NA,34.7758368513409,"13",1,NA
"748",1574403,"0007CDADED","0007CB0942",9.94623158379999,1.34930174362456,"13",1,"0007CDADED"
"749",1574661,"0007CDADED","0007CB0942",19.6668371904881,NA,"13",1,NA
"750",1574915,"0007CDADED","0007CB0942",4.94950578924441,23.1253518123602,"13",1,"0007CB0942"
"751",1575083,"0007CDADED","0007CB0942",23.1548045203934,25.0857630487451,"13",1,"0007CB0942"
"752",1575781,"0007CDADED","0007CB0942",NA,24.2767579379761,"13",1,NA
"753",1613592,"0007CDADED","0007CB0942",20.7807398195453,5.39240427552837,"13",1,"0007CDADED"
"754",1893732,"0007CDADED","0007CB0942",78.7416507371398,329.780043514565,"13",1,"0007CB0942"
"755",1893919,"0007CDADED","0007CB0942",38.9154716689683,39.9760085309275,"13",1,"0007CB0942"
"756",1894287,"0007CDADED","0007CB0942",35.4097733487276,NA,"13",1,NA
"757",1897268,"0007CDADED","0007CB0942",15.7747657628965,12.4561157574969,"13",1,"0007CDADED"
"758",1940169,"0007CDADED","0007CB0942",NA,NA,"13",1,NA
"759",2293223,"0007CDADED","0007CB0942",35.5275088860128,10.3663101316899,"13",1,"0007CDADED"
"760",2342655,"0007CDADED","0007CB0942",223.563096464127,215.373231637177,"13",1,"0007CDADED"
"761",2345325,"0007CDADED","0007CB0942",15.5165821816431,NA,"13",1,NA
"762",2345565,"0007CDADED","0007CB0942",2.94096670544334,5.66324843413025,"13",1,"0007CB0942"
"763",2345665,"0007CDADED","0007CB0942",4.98193553880988,6.44294093751735,"13",1,"0007CB0942"
"764",2345761,"0007CDADED","0007CB0942",5.38942727145976,6.09377775735329,"13",1,"0007CB0942"
"765",2442285,"0007CDADED","0007CB0942",NA,NA,"13",1,NA
"766",376460,"0007CDADED","0007CB44CE",56.312977974147,NA,"13",1,NA
"767",1885259,"0007CDADED","0007CB7051",NA,NA,"13",1,NA
"768",1894455,"0007CDADED","0007CB7051",NA,NA,"13",1,NA
"769",1955523,"0007CDADED","0007CB7051",250.250671486903,15.9901972878665,"13",1,"0007CDADED"
"770",2243449,"0007CDADED","0007CD6778",306.755103492703,119.158473474287,"13",1,"0007CDADED"
"771",365334,"0007CDADED","0007CD765E",3.92512507876822,248.093393910471,"13",1,"0007CD765E"
"772",369934,"0007CDADED","0007CD765E",12.4389604211103,403.212164218946,"13",1,"0007CD765E"
"773",370484,"0007CDADED","0007CD765E",3.65002563209005,247.284793356911,"13",1,"0007CD765E"
"774",1731417,"0007CDADED","0007CD765E",322.11831360616,284.09588779586,"13",1,"0007CDADED"
"775",1964417,"0007CDADED","0007CD765E",7.27723262708808,263.260313406864,"13",1,"0007CD765E"
"776",134,"0007CDADED","0007CD77C5",71.3448230317262,270.302202565247,"13",1,"0007CD77C5"
"777",180,"0007CDADED","0007CD77C5",57.781052185299,332.487317849035,"13",1,"0007CD77C5"
"778",270,"0007CDADED","0007CD77C5",18.8278971716256,162.244613913601,"13",1,"0007CD77C5"
"779",432,"0007CDADED","0007CD77C5",32.5762998411536,28.577541912417,"13",1,"0007CDADED"
"780",597,"0007CDADED","0007CD77C5",18.1629990677777,64.0802447588755,"13",1,"0007CD77C5"
"781",5570,"0007CDADED","0007CD77C5",63.3447943393749,318.765418451795,"13",1,"0007CD77C5"
"782",5703,"0007CDADED","0007CD77C5",170.373255895145,67.3212747953749,"13",1,"0007CDADED"
"783",381101,"0007CDADED","0007CD77C5",3.62468994737422,367.390851821592,"13",1,"0007CD77C5"
"784",381227,"0007CDADED","0007CD77C5",15.3159401221726,180.818495481793,"13",1,"0007CD77C5"
"785",381853,"0007CDADED","0007CD77C5",NA,69.5759489157311,"13",1,NA
"786",381956,"0007CDADED","0007CD77C5",123.672546244539,75.2669558592068,"13",1,"0007CDADED"
"787",382084,"0007CDADED","0007CD77C5",29.9998371413853,39.0324503859108,"13",1,"0007CD77C5"
"788",382267,"0007CDADED","0007CD77C5",17.6837399175314,48.9250439511028,"13",1,"0007CD77C5"
"789",382613,"0007CDADED","0007CD77C5",39.7443715455115,27.3821053271266,"13",1,"0007CDADED"
"790",1545219,"0007CDADED","0007CD77C5",NA,29.2007313112447,"13",1,NA
"791",1617434,"0007CDADED","0007CD77C5",NA,120.844022350645,"13",1,NA
"792",1621094,"0007CDADED","0007CD77C5",1047.73007854956,58.9201061734553,"13",1,"0007CDADED"
"793",1621490,"0007CDADED","0007CD77C5",NA,24.7519595484738,"13",1,NA
"794",1856845,"0007CDADED","0007CD77C5",16.9433125021277,262.045177394832,"13",1,"0007CD77C5"
"795",1865388,"0007CDADED","0007CD77C5",NA,695.787286665928,"13",1,NA
"796",1865439,"0007CDADED","0007CD77C5",58.399164170684,505.455924416087,"13",1,"0007CD77C5"
"797",1882284,"0007CDADED","0007CD77C5",NA,449.797696164547,"13",1,NA
"798",1908864,"0007CDADED","0007CD77C5",NA,26.2938554057211,"13",1,NA
"799",2311191,"0007CDADED","0007CD77C5",500.666336036186,18.5000535916168,"13",1,"0007CDADED"
"800",2311416,"0007CDADED","0007CD77C5",120.749337912602,24.1373478571913,"13",1,"0007CDADED"
"801",2496667,"0007CDADED","0007CD77C5",NA,30.0927720773438,"13",1,NA
"802",2498954,"0007CDADED","0007CD77C5",NA,6.11633029373494,"13",1,NA
"803",35698,"0007CDADED","0007CDC443",31.9343871586515,606.388196281318,"13",1,"0007CDC443"
"804",80511,"0007CDADED","0007CDC443",NA,NA,"13",1,NA
"805",373294,"0007CDADED","0007CDC443",10.4293276898513,NA,"13",1,NA
"806",373371,"0007CDADED","0007CDC443",12.6145642744376,10.5718412892226,"13",1,"0007CDADED"
"807",376893,"0007CDADED","0007CDC443",NA,NA,"13",1,NA
"808",379959,"0007CDADED","0007CDC443",21.7197997686772,14.6931265720997,"13",1,"0007CDADED"
"809",380026,"0007CDADED","0007CDC443",5.42895352991559,1.87207963744962,"13",1,"0007CDADED"
"810",380104,"0007CDADED","0007CDC443",4.34140265533076,1.77075326620711,"13",1,"0007CDADED"
"811",380235,"0007CDADED","0007CDC443",5.57720707001695,1.59609753000957,"13",1,"0007CDADED"
"812",380321,"0007CDADED","0007CDC443",508.228397876575,2.33546543920628,"13",1,"0007CDADED"
"813",380476,"0007CDADED","0007CDC443",106.436946649554,10.9066499595461,"13",1,"0007CDADED"
"814",384605,"0007CDADED","0007CDC443",12.0888116743954,236.164659159269,"13",1,"0007CDC443"
"815",384672,"0007CDADED","0007CDC443",28.5581343756891,384.92171013303,"13",1,"0007CDC443"
"816",435683,"0007CDADED","0007CDC443",NA,7.2457615767797,"13",1,NA
"817",436014,"0007CDADED","0007CDC443",NA,7.3758252884616,"13",1,NA
"818",1368537,"0007CDADED","0007CDC443",42.6761109283853,10.6377788354631,"13",1,"0007CDADED"
"819",1368717,"0007CDADED","0007CDC443",18.0729374415195,18.7459285972783,"13",1,"0007CDC443"
"820",1368927,"0007CDADED","0007CDC443",28.6345484396156,29.1157494385971,"13",1,"0007CDC443"
"821",1852554,"0007CDADED","0007CDC443",5.60409912685273,301.418123379594,"13",1,"0007CDC443"
"822",2358718,"0007CDADED","0007CDC443",534.865470067126,62.5630826336319,"13",1,"0007CDADED"
"823",2359150,"0007CDADED","0007CDC443",130.509295071748,13.5718654633932,"13",1,"0007CDADED"
"824",35451,"0007CDADED","0007CDDBAF",260.839383562332,788.126823820322,"13",1,"0007CDDBAF"
"825",35583,"0007CDADED","0007CDDBAF",83.8461637372002,11.9684444008182,"13",1,"0007CDADED"
"826",35699,"0007CDADED","0007CDDBAF",31.5820050349454,99.9466491998324,"13",1,"0007CDDBAF"
"827",381235,"0007CDADED","0007CDDBAF",16.0342263444241,NA,"13",1,NA
"828",10567,"0007CDC443","0007AC2B02",NA,63.5371020321241,"13",1,NA
"829",90425,"0007CDC443","0007AC2B02",164.298967102649,6.20610331799413,"13",1,"0007CDC443"
"830",217246,"0007CDC443","0007AC2B02",43.309211448768,41.6644706270803,"13",1,"0007CDC443"
"831",372507,"0007CDC443","0007AC2B02",35.2367067530727,41.3475399132514,"13",1,"0007AC2B02"
"832",373151,"0007CDC443","0007AC2B02",112.350518066803,60.7350746988425,"13",1,"0007CDC443"
"833",428511,"0007CDC443","0007AC2B02",NA,49.4072556143939,"13",1,NA
"834",1462677,"0007CDC443","0007AC2B02",NA,8.59694386709161,"13",1,NA
"835",1462746,"0007CDC443","0007AC2B02",3.18743322058613,7.6678439868562,"13",1,"0007AC2B02"
"836",1462799,"0007CDC443","0007AC2B02",5.23987696595455,8.85510895907322,"13",1,"0007AC2B02"
"837",1462886,"0007CDC443","0007AC2B02",3.88954903983346,7.79122069872667,"13",1,"0007AC2B02"
"838",1462939,"0007CDC443","0007AC2B02",4.24892273107233,6.28645062924492,"13",1,"0007AC2B02"
"839",1463047,"0007CDC443","0007AC2B02",4.28661744777308,6.42043037175179,"13",1,"0007AC2B02"
"840",1463344,"0007CDC443","0007AC2B02",1220.21136748563,5.98926958006123,"13",1,"0007CDC443"
"841",1463533,"0007CDC443","0007AC2B02",893.467381942228,5.66025726866238,"13",1,"0007CDC443"
"842",1701015,"0007CDC443","0007AC2B02",18.2006197331837,28.8144181334561,"13",1,"0007AC2B02"
"843",1701075,"0007CDC443","0007AC2B02",25.0198890669843,27.6193515593855,"13",1,"0007AC2B02"
"844",1815154,"0007CDC443","0007AC2B02",NA,16.0858407122931,"13",1,NA
"845",2089331,"0007CDC443","0007AC2B02",NA,10.6582410579784,"13",1,NA
"846",2090185,"0007CDC443","0007AC2B02",14.9429866684975,NA,"13",1,NA
"847",2470575,"0007CDC443","0007AC2B02",NA,139.637662109282,"13",1,NA
"848",2470827,"0007CDC443","0007AC2B02",8.5148800435197,3.94589445013893,"13",1,"0007CDC443"
"849",2470870,"0007CDC443","0007AC2B02",125.485397707294,3.16974156285043,"13",1,"0007CDC443"
"850",59991,"0007CDC443","0007CB0942",660.458626519274,279.216325825802,"13",1,"0007CDC443"
"851",60517,"0007CDC443","0007CB0942",365.893025823419,450.631058144064,"13",1,"0007CB0942"
"852",376887,"0007CDC443","0007CB0942",NA,6.18956706959407,"13",1,NA
"853",377170,"0007CDC443","0007CB0942",NA,26.0586214933675,"13",1,NA
"854",1868250,"0007CDC443","0007CB0942",NA,237.579114396734,"13",1,NA
"855",1908328,"0007CDC443","0007CB0942",31.6184012700336,224.644229478844,"13",1,"0007CB0942"
"856",1911111,"0007CDC443","0007CB0942",NA,25.7064757421629,"13",1,NA
"857",2499164,"0007CDC443","0007CB44CE",NA,NA,"13",1,NA
"858",61016,"0007CDC443","0007CB7051",235.215663470334,18.1678463883613,"13",1,"0007CDC443"
"859",61147,"0007CDC443","0007CB7051",293.104620787108,668.124839718337,"13",1,"0007CB7051"
"860",1873932,"0007CDC443","0007CD6778",NA,4.51163748735037,"13",1,NA
"861",1873975,"0007CDC443","0007CD6778",1.54636640525474,4.6905004913662,"13",1,"0007CD6778"
"862",1874047,"0007CDC443","0007CD6778",3.9793493038541,4.70074720859111,"13",1,"0007CD6778"
"863",366021,"0007CDC443","0007CD765E",NA,53.2597993624791,"13",1,NA
"864",1286619,"0007CDC443","0007CD765E",12.0061866986701,NA,"13",1,NA
"865",2302894,"0007CDC443","0007CD765E",39.0018082688359,39.9709950926856,"13",1,"0007CD765E"
"866",381780,"0007CDC443","0007CD77C5",NA,52.6569141819862,"13",1,NA
"867",1594769,"0007CDC443","0007CD77C5",NA,19.7999087000918,"13",1,NA
"868",1849824,"0007CDC443","0007CD77C5",42.5673649772537,NA,"13",1,NA
"869",1850743,"0007CDC443","0007CD77C5",30.3097323779311,NA,"13",1,NA
"870",1907279,"0007CDC443","0007CD77C5",NA,10.8413837575721,"13",1,NA
"871",1911191,"0007CDC443","0007CD77C5",171.690138215671,14.2600617971721,"13",1,"0007CDC443"
"872",1917951,"0007CDC443","0007CD77C5",NA,14.5580742719149,"13",1,NA
"873",1918108,"0007CDC443","0007CD77C5",63.0477318316357,19.1493887090626,"13",1,"0007CDC443"
"874",1918295,"0007CDC443","0007CD77C5",NA,32.8264367687591,"13",1,NA
"875",1919442,"0007CDC443","0007CD77C5",NA,23.0046263199269,"13",1,NA
"876",2487204,"0007CDC443","0007CD77C5",NA,11.5188580993619,"13",1,NA
"877",2577511,"0007CDC443","0007CD77C5",NA,32.7688944984592,"13",1,NA
"878",2579434,"0007CDC443","0007CD77C5",NA,58.4024481669242,"13",1,NA
"879",35698,"0007CDC443","0007CDADED",606.388196281318,31.9343871586515,"13",1,"0007CDC443"
"880",80511,"0007CDC443","0007CDADED",NA,NA,"13",1,NA
"881",373294,"0007CDC443","0007CDADED",NA,10.4293276898513,"13",1,NA
"882",373371,"0007CDC443","0007CDADED",10.5718412892226,12.6145642744376,"13",1,"0007CDADED"
"883",376893,"0007CDC443","0007CDADED",NA,NA,"13",1,NA
"884",379959,"0007CDC443","0007CDADED",14.6931265720997,21.7197997686772,"13",1,"0007CDADED"
"885",380026,"0007CDC443","0007CDADED",1.87207963744962,5.42895352991559,"13",1,"0007CDADED"
"886",380104,"0007CDC443","0007CDADED",1.77075326620711,4.34140265533076,"13",1,"0007CDADED"
"887",380235,"0007CDC443","0007CDADED",1.59609753000957,5.57720707001695,"13",1,"0007CDADED"
"888",380321,"0007CDC443","0007CDADED",2.33546543920628,508.228397876575,"13",1,"0007CDADED"
"889",380476,"0007CDC443","0007CDADED",10.9066499595461,106.436946649554,"13",1,"0007CDADED"
"890",384605,"0007CDC443","0007CDADED",236.164659159269,12.0888116743954,"13",1,"0007CDC443"
"891",384672,"0007CDC443","0007CDADED",384.92171013303,28.5581343756891,"13",1,"0007CDC443"
"892",435683,"0007CDC443","0007CDADED",7.2457615767797,NA,"13",1,NA
"893",436014,"0007CDC443","0007CDADED",7.3758252884616,NA,"13",1,NA
"894",1368537,"0007CDC443","0007CDADED",10.6377788354631,42.6761109283853,"13",1,"0007CDADED"
"895",1368717,"0007CDC443","0007CDADED",18.7459285972783,18.0729374415195,"13",1,"0007CDC443"
"896",1368927,"0007CDC443","0007CDADED",29.1157494385971,28.6345484396156,"13",1,"0007CDC443"
"897",1852554,"0007CDC443","0007CDADED",301.418123379594,5.60409912685273,"13",1,"0007CDC443"
"898",2358718,"0007CDC443","0007CDADED",62.5630826336319,534.865470067126,"13",1,"0007CDADED"
"899",2359150,"0007CDC443","0007CDADED",13.5718654633932,130.509295071748,"13",1,"0007CDADED"
"900",35713,"0007CDC443","0007CDDBAF",248.130059244552,67.9447006703038,"13",1,"0007CDC443"
"901",35775,"0007CDC443","0007CDDBAF",291.939000714019,113.37307451634,"13",1,"0007CDC443"
"902",1619982,"0007CDC443","0007CDDBAF",NA,8.69157797474929,"13",1,NA
"903",1620040,"0007CDC443","0007CDDBAF",2.91401794909029,10.0685803804326,"13",1,"0007CDDBAF"
"904",1620258,"0007CDC443","0007CDDBAF",NA,11.2360971736382,"13",1,NA
"905",1759690,"0007CDC443","0007CDDBAF",NA,NA,"13",1,NA
"906",1914299,"0007CDC443","0007CDDBAF",NA,14.9767918200564,"13",1,NA
"907",2521542,"0007CDC443","0007CDDBAF",137.177478032158,6.59890212693134,"13",1,"0007CDC443"
"908",2536833,"0007CDC443","0007CDDBAF",NA,18.7786602778579,"13",1,NA
"909",75882,"0007CDDBAF","0007AC2B02",NA,NA,"13",1,NA
"910",76002,"0007CDDBAF","0007AC2B02",108.187831904392,41.0460716728702,"13",1,"0007CDDBAF"
"911",102315,"0007CDDBAF","0007AC2B02",37.8852299917182,17.1987052969742,"13",1,"0007CDDBAF"
"912",102488,"0007CDDBAF","0007AC2B02",73.924748114865,23.3080735940527,"13",1,"0007CDDBAF"
"913",215769,"0007CDDBAF","0007AC2B02",NA,94.6885209005881,"13",1,NA
"914",270634,"0007CDDBAF","0007AC2B02",NA,NA,"13",1,NA
"915",274081,"0007CDDBAF","0007AC2B02",12.446626162468,NA,"13",1,NA
"916",360688,"0007CDDBAF","0007AC2B02",57.8456186731989,NA,"13",1,NA
"917",378467,"0007CDDBAF","0007AC2B02",22.7978803122456,NA,"13",1,NA
"918",378828,"0007CDDBAF","0007AC2B02",6.91248377026738,NA,"13",1,NA
"919",379155,"0007CDDBAF","0007AC2B02",NA,5.78702044759325,"13",1,NA
"920",1401154,"0007CDDBAF","0007AC2B02",NA,17.6224310818737,"13",1,NA
"921",1402363,"0007CDDBAF","0007AC2B02",NA,9.31788499821434,"13",1,NA
"922",1800179,"0007CDDBAF","0007AC2B02",12.5658894255632,10.9783964682411,"13",1,"0007CDDBAF"
"923",1807139,"0007CDDBAF","0007AC2B02",NA,40.083918250124,"13",1,NA
"924",1807331,"0007CDDBAF","0007AC2B02",102.504147841356,34.0418607498331,"13",1,"0007CDDBAF"
"925",1914965,"0007CDDBAF","0007AC2B02",14.1860503375215,27.6274690417821,"13",1,"0007AC2B02"
"926",2494081,"0007CDDBAF","0007AC2B02",22.395395186853,4.09378492684447,"13",1,"0007CDDBAF"
"927",2521609,"0007CDDBAF","0007AC2B02",112.239188413709,NA,"13",1,NA
"928",2521711,"0007CDDBAF","0007AC2B02",77.6077291480332,15.439828792421,"13",1,"0007CDDBAF"
"929",1623813,"0007CDDBAF","0007CB0942",NA,18.0386911045195,"13",1,NA
"930",1948950,"0007CDDBAF","0007CB0942",NA,NA,"13",1,NA
"931",1629370,"0007CDDBAF","0007CB44CE",NA,33.0714171475803,"13",1,NA
"932",2490698,"0007CDDBAF","0007CB44CE",24.9655737264907,NA,"13",1,NA
"933",4599,"0007CDDBAF","0007CB7051",NA,48.958961410609,"13",1,NA
"934",5833,"0007CDDBAF","0007CB7051",NA,81.7217925446815,"13",1,NA
"935",360774,"0007CDDBAF","0007CB7051",95.5727078059838,NA,"13",1,NA
"936",360855,"0007CDDBAF","0007CB7051",80.6885298741547,50.4262055599235,"13",1,"0007CDDBAF"
"937",361039,"0007CDDBAF","0007CB7051",736.674407919939,265.433606473264,"13",1,"0007CDDBAF"
"938",361118,"0007CDDBAF","0007CB7051",709.00968522212,6.48051997364966,"13",1,"0007CDDBAF"
"939",1401154,"0007CDDBAF","0007CB7051",NA,NA,"13",1,NA
"940",1885313,"0007CDDBAF","0007CB7051",57.874150975997,7.76224336559609,"13",1,"0007CDDBAF"
"941",2408160,"0007CDDBAF","0007CB7051",30.9544263376376,NA,"13",1,NA
"942",2408227,"0007CDDBAF","0007CB7051",32.3712787678994,10.3959545644259,"13",1,"0007CDDBAF"
"943",2521910,"0007CDDBAF","0007CB7051",30.8067866948104,NA,"13",1,NA
"944",2547135,"0007CDDBAF","0007CB7051",17.0801442614966,38.4229864535619,"13",1,"0007CB7051"
"945",1624150,"0007CDDBAF","0007CD6778",NA,NA,"13",1,NA
"946",42898,"0007CDDBAF","0007CD765E",NA,86.5155887436063,"13",1,NA
"947",102252,"0007CDDBAF","0007CD765E",39.0830955359571,238.181796063271,"13",1,"0007CD765E"
"948",129523,"0007CDDBAF","0007CD765E",4.08325854462795,230.197253057891,"13",1,"0007CD765E"
"949",360610,"0007CDDBAF","0007CD765E",46.3559689255101,197.9054796762,"13",1,"0007CD765E"
"950",360718,"0007CDDBAF","0007CD765E",43.8501746949007,93.2074066838486,"13",1,"0007CD765E"
"951",33660,"0007CDDBAF","0007CD77C5",608.156874398819,295.427485767463,"13",1,"0007CDDBAF"
"952",381235,"0007CDDBAF","0007CD77C5",NA,148.503168631319,"13",1,NA
"953",721058,"0007CDDBAF","0007CD77C5",NA,89.7302415967089,"13",1,NA
"954",1857604,"0007CDDBAF","0007CD77C5",3.99927559995999,346.004041884152,"13",1,"0007CD77C5"
"955",1857701,"0007CDDBAF","0007CD77C5",46.9742139330941,319.703655246238,"13",1,"0007CD77C5"
"956",2401282,"0007CDDBAF","0007CD77C5",10.3624759514856,362.002958587536,"13",1,"0007CD77C5"
"957",2401341,"0007CDDBAF","0007CD77C5",72.4723715854425,261.199935751207,"13",1,"0007CD77C5"
"958",2402129,"0007CDDBAF","0007CD77C5",16.4545824469513,270.132495845958,"13",1,"0007CD77C5"
"959",2402204,"0007CDDBAF","0007CD77C5",35.563294647621,311.258227876257,"13",1,"0007CD77C5"
"960",2411716,"0007CDDBAF","0007CD77C5",NA,NA,"13",1,NA
"961",2489980,"0007CDDBAF","0007CD77C5",264.739238645355,8.43235333106832,"13",1,"0007CDDBAF"
"962",2490831,"0007CDDBAF","0007CD77C5",128.530444268952,10.2943700656527,"13",1,"0007CDDBAF"
"963",2572080,"0007CDDBAF","0007CD77C5",NA,19.9277013680698,"13",1,NA
"964",35451,"0007CDDBAF","0007CDADED",788.126823820322,260.839383562332,"13",1,"0007CDDBAF"
"965",35583,"0007CDDBAF","0007CDADED",11.9684444008182,83.8461637372002,"13",1,"0007CDADED"
"966",35699,"0007CDDBAF","0007CDADED",99.9466491998324,31.5820050349454,"13",1,"0007CDDBAF"
"967",381235,"0007CDDBAF","0007CDADED",NA,16.0342263444241,"13",1,NA
"968",35713,"0007CDDBAF","0007CDC443",67.9447006703038,248.130059244552,"13",1,"0007CDC443"
"969",35775,"0007CDDBAF","0007CDC443",113.37307451634,291.939000714019,"13",1,"0007CDC443"
"970",1619982,"0007CDDBAF","0007CDC443",8.69157797474929,NA,"13",1,NA
"971",1620040,"0007CDDBAF","0007CDC443",10.0685803804326,2.91401794909029,"13",1,"0007CDDBAF"
"972",1620258,"0007CDDBAF","0007CDC443",11.2360971736382,NA,"13",1,NA
"973",1759690,"0007CDDBAF","0007CDC443",NA,NA,"13",1,NA
"974",1914299,"0007CDDBAF","0007CDC443",14.9767918200564,NA,"13",1,NA
"975",2521542,"0007CDDBAF","0007CDC443",6.59890212693134,137.177478032158,"13",1,"0007CDC443"
"976",2536833,"0007CDDBAF","0007CDC443",18.7786602778579,NA,"13",1,NA
