Mouse_RFID,unique_identifier,group,repetition,fur_pattern,age,mutant,weight_pre,weight_post,weight_diff,rank_by_tube,DS_by_tube,rank_by_chasing,DS_by_chasing,chasing_pc1,chasing_pc2,log10(baseline_rate_mean),cs_plus_detection_speed,cs_plus_detection_speed_intraphase_shaping,cs_plus_detection_speed_crossreversal_shaping,cs_plus_pc1,cs_plus_pc2,cs_minus_pc1,cs_minus_pc2,switching_pc1,switching_pc2,switching_pc3,switching_pc4,switching_pc5,switching_pc6,shaping_pc1,shaping_pc2,shaping_pc3,time_in_arena_average,log10(corner_to_middle_ratio_average),ratio_social_to_total_time_average,social_interaction_pc1,social_interaction_pc2,social_interaction_pc3,social_interaction_pc4,social_interaction_pc5,social_interaction_pc6,social_interaction_pc7,social_interaction_pc8,social_interaction_pc9,chasing_pc1_new,chasing_pc2_new,cs_plus_pc1_new,cs_plus_pc2_new,cs_minus_pc1_new,cs_minus_pc2_new,switching_pc1_new,switching_pc2_new,switching_pc3_new,switching_pc4_new,switching_pc5_new,switching_pc6_new,shaping_pc1_new,shaping_pc2_new,shaping_pc3_new,social_interaction_pc1_new,social_interaction_pc2_new,social_interaction_pc3_new,social_interaction_pc4_new,social_interaction_pc5_new,social_interaction_pc6_new,social_interaction_pc7_new,social_interaction_pc8_new,social_interaction_pc9_new
0007F2B3FF,62,11,1,1,18,0,25.38,24.51,-0.869999999999997,2,18.4047619047619,10,-32.4783086478739,0.139866398013722,1.98069699324959,NaN,NaN,NaN,NaN,NaN,NaN,NaN,NaN,NaN,NaN,NaN,NaN,NaN,NaN,NaN,NaN,NaN,4214.84888888889,1.49947359358897,0.119110636363924,3.23842805412093,-3.16303438411554,1.68067275513854,-1.33943860788985,1.64897601330378,-2.13771534951337,-1.12990001689875,-0.931352872210337,1.43194284509328,-1.54235593776998,2.88471149664427,NaN,NaN,NaN,NaN,NaN,NaN,NaN,NaN,NaN,NaN,NaN,NaN,NaN,-4.63769416518159,-3.26494762583834,-3.55802258431686,-0.146252334678161,2.71984404001873,-0.836446193894195,0.0260831595863006,-0.845212308792512,0.271901323638386
0007CA3A72,39,11,1,4,18,1,26.68,27.12,0.440000000000001,7,-16.1845238095238,8,-18.8615844889574,-0.66190759125129,0.608668474566504,NaN,NaN,NaN,NaN,NaN,NaN,NaN,NaN,NaN,NaN,NaN,NaN,NaN,NaN,NaN,NaN,NaN,1999.32666666667,1.49496633337016,0.10564112139976,-3.91234858584955,1.02554227125829,-0.502891764801279,1.43681333776755,-4.16251189004414,2.11483084325425,-1.89793037379779,1.00782394099669,-1.17002251668119,-1.82294536476509,1.24991240369536,NaN,NaN,NaN,NaN,NaN,NaN,NaN,NaN,NaN,NaN,NaN,NaN,NaN,4.88271753432607,4.77114261939569,-1.25330161388498,1.29402892551914,-2.22982578022191,1.92149422250773,0.514391298976864,-0.10629449539836,0.912477698760332
0007CB0B74,43,11,1,2,18,0,27.92,27.81,-0.110000000000003,4,11.5714285714286,5,-1.22932622932623,0.954158016812852,0.708254768764228,NaN,NaN,NaN,NaN,NaN,NaN,NaN,NaN,NaN,NaN,NaN,NaN,NaN,NaN,NaN,NaN,NaN,2706.72666666667,1.62346009322923,0.0871655554433521,-3.60508266775512,0.0999107239832594,1.61627610942036,1.49371782388002,-3.58816638832994,1.17169376836959,-1.94272743812578,-0.0715212721390737,-0.540156098709347,1.13968786247284,1.3172059968611,NaN,NaN,NaN,NaN,NaN,NaN,NaN,NaN,NaN,NaN,NaN,NaN,NaN,4.26087489010935,4.63685670434218,-0.759689800613144,3.13542131144506,-0.12594531679563,2.69789586786367,0.497879119526096,-0.363478049876623,1.95546080651433
0007CB0DBC,45,11,1,7,18,1,28.07,28.31,0.239999999999998,10,-17.8095238095238,2,33.4307647907648,0.21168847355295,-1.47108776647831,NaN,NaN,NaN,NaN,NaN,NaN,NaN,NaN,NaN,NaN,NaN,NaN,NaN,NaN,NaN,NaN,NaN,4073.72,1.42576101108756,0.121054520738348,3.95971943831231,-1.91547796983602,3.68950050456262,-0.16586667926681,0.979128691221142,-1.89403088091465,-2.01969500798095,-1.01034479920271,0.264534751937227,2.26445337085783,-1.69593072934678,NaN,NaN,NaN,NaN,NaN,NaN,NaN,NaN,NaN,NaN,NaN,NaN,NaN,-5.27913760936053,1.24694318930315,-2.4591250016532,2.29554384424406,3.47045727351365,-1.68399391452355,-0.371158124433715,-1.14764056875957,0.733520522868637
0007CB2407,50,11,1,9,18,1,24.12,23.92,-0.199999999999999,5,6,6,-4.58428671124018,0.934106305602189,2.76808453005822,NaN,NaN,NaN,NaN,NaN,NaN,NaN,NaN,NaN,NaN,NaN,NaN,NaN,NaN,NaN,NaN,NaN,2757.80222222222,1.18315843521963,0.0853272049965713,-4.40042279150479,-1.88041350809973,2.20995961085808,-1.62826037537377,-0.755344972993594,-1.06084160731737,-1.41911578371825,-1.74464003072307,-0.536705632807808,0.900107255081619,2.98848431567547,NaN,NaN,NaN,NaN,NaN,NaN,NaN,NaN,NaN,NaN,NaN,NaN,NaN,2.87264624893981,-4.17531887930482,-3.46229779315794,2.78491053354458,0.770992306247834,-0.568315735708324,2.21609430570423,-2.17126894782426,0.829219376445461
0007F2B8A2,66,11,1,5,18,1,25.69,26.71,1.02,6,-14.375,4,-0.0642686630638458,1.06891605971006,2.88636510537745,NaN,NaN,NaN,NaN,NaN,NaN,NaN,NaN,NaN,NaN,NaN,NaN,NaN,NaN,NaN,NaN,NaN,4104.01555555555,1.5250097787926,0.112781682114049,5.02246044651003,-1.12625498288049,0.212812232671067,-0.277642445222569,-0.487256206305036,0.13729476457934,-2.11610384251559,0.00218615095773708,-0.663351835553423,1.03996628122227,3.13241487399904,NaN,NaN,NaN,NaN,NaN,NaN,NaN,NaN,NaN,NaN,NaN,NaN,NaN,-5.87330426016706,0.890798859017915,-2.03640655505656,0.138052048942154,-1.43254515328228,0.611105279672572,0.42747481211548,0.140015835309908,1.13155757059169
0007F2B9FC,69,11,1,8,18,0,25.71,26.39,0.68,9,-17.5190476190476,9,-21.7966551104263,0.164129950718714,1.40970332539211,NaN,NaN,NaN,NaN,NaN,NaN,NaN,NaN,NaN,NaN,NaN,NaN,NaN,NaN,NaN,NaN,NaN,3094.08444444444,1.62432754283339,0.0925867138582728,-2.28415695811571,-0.886590364137728,0.051416716616245,-0.199830447922842,-2.35308990246261,1.37437351109379,-1.87760670478681,1.28007949175229,0.0620100840189971,-0.61050225422994,2.06761381388232,NaN,NaN,NaN,NaN,NaN,NaN,NaN,NaN,NaN,NaN,NaN,NaN,NaN,2.91445154423684,4.63208564534008,-3.27120350889972,-1.5222392939861,1.21118640555997,-0.435471951683719,0.626381912365729,0.347403993065106,2.2140756883537
0007F2B59E,63,11,1,3,16,0,28.07,28.21,0.140000000000001,3,17.7333333333333,1,37.1598970083625,1.31028009795847,0.492489338756755,NaN,NaN,NaN,NaN,NaN,NaN,NaN,NaN,NaN,NaN,NaN,NaN,NaN,NaN,NaN,NaN,NaN,5457.33111111111,1.49003771781732,0.102477442168516,6.57070651090053,-0.813007146087046,1.4603871551605,-0.506012335764262,0.107793434627081,0.844706333829308,-1.41228699785898,-0.34075353508211,-0.693069417128685,2.57580371723395,0.04577865949549,NaN,NaN,NaN,NaN,NaN,NaN,NaN,NaN,NaN,NaN,NaN,NaN,NaN,-7.4326706336407,0.492930840798772,-1.68583506696477,0.449060351360477,-0.514771558913501,-0.104677119059908,1.06101624342412,-1.2227250631408,1.16374078634505
0007F2E3D4,74,11,1,6,18,0,26.16,27.34,1.18,8,-16.3333333333333,7,-10.9493006993007,0.581752939300848,0.844761471081103,NaN,NaN,NaN,NaN,NaN,NaN,NaN,NaN,NaN,NaN,NaN,NaN,NaN,NaN,NaN,NaN,NaN,2596.12222222222,1.5997683420354,0.127079276356617,0.670314533302935,-3.14353985027179,-3.69246493117004,-2.71292082318207,-0.734768255455675,-1.09501209252615,-0.889579853003014,0.699238131729573,1.00701959599229,-0.117394694815897,1.53754184489649,NaN,NaN,NaN,NaN,NaN,NaN,NaN,NaN,NaN,NaN,NaN,NaN,NaN,-0.833165960997222,-1.97206546688646,-4.28173278598977,-3.57917699486869,-1.90400353384404,0.74825053250172,0.767005425405951,0.662909923641923,0.563888066898538
0007F2E37E,73,11,1,10,18,0,26.1,27.34,1.24,1,28.5119047619048,3,19.3730687510612,2.52546401204644,2.79057135503794,NaN,NaN,NaN,NaN,NaN,NaN,NaN,NaN,NaN,NaN,NaN,NaN,NaN,NaN,NaN,NaN,NaN,6574.00888888889,1.45390440856961,0.0912107072160265,6.60550807907325,0.730104838596366,3.35395041023229,1.40303764490156,-0.114038095398669,-0.638065508418519,-1.50168474792358,-0.1659405402092,0.345559416215913,2.92880679625294,3.04025082894448,NaN,NaN,NaN,NaN,NaN,NaN,NaN,NaN,NaN,NaN,NaN,NaN,NaN,-7.09838981574424,0.99461136030902,-0.727882651043099,2.90990330227272,1.8532759504134,-1.57964601371601,1.16427821948766,-1.57080168740974,0.0868690178929513
0007CB0A48,41,12,1,5,18,0,28.38,29.49,1.11,2,19.0333333333333,1,32.7652296963442,0.679554180499507,-0.0244647484705243,NaN,NaN,NaN,NaN,NaN,NaN,NaN,NaN,NaN,NaN,NaN,NaN,NaN,NaN,NaN,NaN,NaN,7676.42380952381,2.28998140063976,0.22278044898139,6.03786366930775,0.73926209845754,3.20612736963419,0.29304108670564,-0.240754248987554,0.00930696079501684,-1.90630551407454,-0.261685385528481,0.0128519518236594,1.73706234892535,-0.577278251576412,NaN,NaN,NaN,NaN,NaN,NaN,NaN,NaN,NaN,NaN,NaN,NaN,NaN,-6.85146767213969,2.4927261836342,-1.65233996374084,2.7950586821776,1.55969408259319,-1.55162652356583,0.857231038390763,-0.506948439892872,0.503059609657396
0007CB0AD4,42,12,1,7,16,0,23.28,22.45,-0.830000000000002,6,-2.5,5,5.63536291709666,1.37244813798942,0.773168756306555,NaN,NaN,NaN,NaN,NaN,NaN,NaN,NaN,NaN,NaN,NaN,NaN,NaN,NaN,NaN,NaN,NaN,6303.71190476191,1.78036124715962,0.190157046547404,3.20981592551269,-1.71439327440678,1.58468109717924,-1.45833776116306,-0.448775493955216,-0.68368700417454,-1.39940628529353,-0.519746770108906,-0.571717468853995,1.26205208947492,0.989745056170213,NaN,NaN,NaN,NaN,NaN,NaN,NaN,NaN,NaN,NaN,NaN,NaN,NaN,-4.66417331776072,0.354575336526585,-3.9380403177311,0.983213375258658,0.234696992076982,-0.262213248430707,-0.308149741934151,-0.709433443315228,0.266486060293513
0007CB2ED2,51,12,1,10,16,0,26.51,28.63,2.12,1,21.9166666666667,2,14.463601532567,1.93057962033635,2.16960572225912,NaN,NaN,NaN,NaN,NaN,NaN,NaN,NaN,NaN,NaN,NaN,NaN,NaN,NaN,NaN,NaN,NaN,9667.08809523809,2.04061687602039,0.196591429388423,8.44583184876848,-0.715222886580724,1.97295974008715,0.384274626858066,1.4293932647258,-1.19531887711325,-1.79397163224816,-0.422283805619977,0.591467113880316,2.20222538147089,2.10451803541446,NaN,NaN,NaN,NaN,NaN,NaN,NaN,NaN,NaN,NaN,NaN,NaN,NaN,-9.46859526397798,0.785377891236461,-2.4592001209888,1.3213199021003,0.415882007420798,-0.952566692028631,-1.65143955856191,0.695775899363141,0.904356151099283
0007CB39C9,53,12,1,6,18,1,23.49,26.19,2.7,10,-28.2833333333333,10,-26.4484126984127,0.430703095385888,0.585674996226266,NaN,NaN,NaN,NaN,NaN,NaN,NaN,NaN,NaN,NaN,NaN,NaN,NaN,NaN,NaN,NaN,NaN,3593.47142857143,1.26569608767012,0.236317448706583,-2.55013046500979,-1.15134659569333,1.47695568102578,-1.14573875044815,-3.35573209937374,3.15713993729349,-0.510285616363905,-0.262851337980798,-0.768668790555882,-1.26174031114379,1.15454273667523,NaN,NaN,NaN,NaN,NaN,NaN,NaN,NaN,NaN,NaN,NaN,NaN,NaN,2.20585688294836,5.13568182205265,-3.18802851303911,1.03598107703217,-1.28231886191113,4.50494478775239,-1.31991051145875,-0.982416799369487,1.25168990943805
0007CB321B,52,12,1,1,18,0,26.61,26.56,-0.0500000000000007,7,-6.5,9,-23.0833333333333,-1.36284559053131,0.309400059112017,NaN,NaN,NaN,NaN,NaN,NaN,NaN,NaN,NaN,NaN,NaN,NaN,NaN,NaN,NaN,NaN,NaN,2388.05714285714,1.70164804328081,0.182808499437678,-3.28013237587633,-3.47053445686255,-3.07089358268141,-1.95830053662632,-3.5318809389209,-1.18006262019855,-0.530799608805584,-0.241025339886638,-0.913065516678225,-2.40641231013839,0.56613387657836,NaN,NaN,NaN,NaN,NaN,NaN,NaN,NaN,NaN,NaN,NaN,NaN,NaN,3.22195722488562,1.2144587318917,-7.29894356111773,-1.27326610134199,-3.45972505191395,1.91863545139338,-3.38432352425154,1.04060812740405,-1.19893694214378
0007CB464C,56,12,1,2,16,1,27.25,30.01,2.76,9,-15.6666666666667,4,12.3567660409766,1.36428063531019,0.477490532955638,NaN,NaN,NaN,NaN,NaN,NaN,NaN,NaN,NaN,NaN,NaN,NaN,NaN,NaN,NaN,NaN,NaN,4681.94047619048,2.14588141335514,0.221500547951475,1.69624252827329,-1.36500024240969,2.26744242829155,-0.652020100263379,-0.493833853299199,-1.68993186546869,-1.10147953253762,-0.677245827412098,-0.0440519547033304,1.27200886244144,0.595771994364185,NaN,NaN,NaN,NaN,NaN,NaN,NaN,NaN,NaN,NaN,NaN,NaN,NaN,-2.82452089545713,0.684437167636431,-3.60548083861009,2.2400312731061,1.64316509656107,-0.0891677290506339,-1.58909427350515,-0.857573306614313,0.231456722455589
0007F2B770,64,12,1,3,17,1,27.57,27.18,-0.390000000000001,5,-0.75,8,-12.3611111111111,0.443803564087837,1.20967980832864,NaN,NaN,NaN,NaN,NaN,NaN,NaN,NaN,NaN,NaN,NaN,NaN,NaN,NaN,NaN,NaN,NaN,2523.52142857143,1.89417812638197,0.257870945645682,-1.20124490389456,-2.21034426832854,-2.8917968682959,-1.12314979528559,-1.76849069869048,-1.78957502016456,-1.98359171732625,0.668988542686463,-0.268519885890456,-0.503823317627295,1.41749829633708,NaN,NaN,NaN,NaN,NaN,NaN,NaN,NaN,NaN,NaN,NaN,NaN,NaN,1.47027201734121,2.0058165054518,-5.66374915536968,-1.43368407023783,-1.9233013516899,0.591146813410444,-2.1654120680546,1.42491898479799,-1.04251480054067
0007F2B957,68,12,1,9,18,1,28.45,29.56,1.11,3,15.9166666666667,6,-5.61965811965812,1.15125609432293,0.435560313763512,NaN,NaN,NaN,NaN,NaN,NaN,NaN,NaN,NaN,NaN,NaN,NaN,NaN,NaN,NaN,NaN,NaN,7061.7880952381,1.74795801669932,0.26182226206704,6.10888554623959,-0.928611482321161,2.55382176794409,-0.756243048304553,1.21202577141106,-0.35958030721515,-2.18356688792008,-0.394866646968616,0.835264127220852,0.667001157098787,0.883646408844013,NaN,NaN,NaN,NaN,NaN,NaN,NaN,NaN,NaN,NaN,NaN,NaN,NaN,-7.02570937746169,1.74334200762856,-2.06793755982738,1.47921007241056,2.33278389741468,-0.484528427138056,0.333137387084593,0.488278291326086,0.638514036714581
0007F2BA9B,70,12,1,8,18,0,26.04,25.34,-0.699999999999999,4,7.66666666666666,3,12.6153815758278,0.984343086630325,1.22822922955382,NaN,NaN,NaN,NaN,NaN,NaN,NaN,NaN,NaN,NaN,NaN,NaN,NaN,NaN,NaN,NaN,NaN,2691.10952380952,1.22140449602211,0.0868512367885082,-11.2658887573326,2.0293500191569,-1.09148101691935,3.11686539144282,-1.85121018068143,-2.28763570604786,0.0110410564670387,0.400698640621692,-1.96625553024344,1.49174549129648,0.993525291377363,NaN,NaN,NaN,NaN,NaN,NaN,NaN,NaN,NaN,NaN,NaN,NaN,NaN,10.2367782368123,-7.14164191066468,-3.45138981040752,6.9470249567261,-5.86942290323739,0.888912613507841,-3.4102029685021,-1.40226585771483,-0.798865428524216
0007F2CA05,72,12,1,4,18,1,25.31,24.85,-0.459999999999997,8,-10.8333333333333,7,-10.3238265002971,1.03374480441759,1.07947265746168,NaN,NaN,NaN,NaN,NaN,NaN,NaN,NaN,NaN,NaN,NaN,NaN,NaN,NaN,NaN,NaN,NaN,3430.68571428572,1.48258238840254,0.167838166464014,-2.37070500119928,-1.34471169818619,-1.22584049330255,-1.437107525004,-3.50210475774144,-0.684503712962561,-1.68268243424686,-0.741347751954576,-0.53361890698193,0.882940626806602,1.39422275550658,NaN,NaN,NaN,NaN,NaN,NaN,NaN,NaN,NaN,NaN,NaN,NaN,NaN,2.89256482688075,2.31967528007305,-5.03195748041408,1.86661978813599,-1.55713497329375,-1.61094332711387,-0.0748913235312759,1.88947872091524,0.288874768527751
0007F2E455,76,13,1,10,18,1,24.72,24.97,0.25,8,-16.9166666666667,9,-26.3095238095238,-3.48336130761644,0.315033416560907,NaN,NaN,NaN,NaN,NaN,NaN,NaN,NaN,NaN,NaN,NaN,NaN,NaN,NaN,NaN,NaN,NaN,2006.73799384155,1.61630408816438,0.0956490798051009,-1.43030411636873,-0.418279553064664,0.086242122160029,0.788434299829934,0.411130026980226,0.405134952661991,2.13861488718992,1.24559870699339,2.2447709334004,-4.64290306563826,-0.204428442184898,NaN,NaN,NaN,NaN,NaN,NaN,NaN,NaN,NaN,NaN,NaN,NaN,NaN,2.38674861512498,2.71120335957855,2.01824343410177,-3.10935280566121,3.48105170139552,-1.41624330566488,-2.29165043961085,1.50343332477801,-1.7384803998698
0007CA3B1C,40,13,1,4,17,0,24.43,26.58,2.15,2,11.2833333333333,1,28.2773856578204,0.054007652579963,-1.63565316243283,NaN,NaN,NaN,NaN,NaN,NaN,NaN,NaN,NaN,NaN,NaN,NaN,NaN,NaN,NaN,NaN,NaN,2857.81829592873,1.4779358305343,0.0693788753043981,-1.70544218371771,3.5114614108899,0.224764384073668,3.30753993086162,-1.75200996828174,-0.650635573159033,2.290450885489,-0.477784127473206,0.0577300295365582,2.06626857385023,-2.16470392724105,NaN,NaN,NaN,NaN,NaN,NaN,NaN,NaN,NaN,NaN,NaN,NaN,NaN,2.22580128115536,-2.5409032631265,5.74790816392254,4.99312309387389,-0.893517658170484,-1.19435274514258,0.475011797444068,2.462151932096,-4.37678660429335
0007CB1E1F,47,13,1,9,18,0,28.15,27.81,-0.34,6,2.11666666666667,4,10.8492063492063,1.66330762169845,-0.731213181042831,NaN,NaN,NaN,NaN,NaN,NaN,NaN,NaN,NaN,NaN,NaN,NaN,NaN,NaN,NaN,NaN,NaN,3422.65972241613,1.11625343359032,0.0633053544809985,1.55164982623003,2.63259231795701,0.854830077031491,1.83672508790787,-1.78226008261507,3.59809208671647,1.28294128327699,0.866631530313235,-1.14929603911574,1.80369431043284,-0.518293347262893,NaN,NaN,NaN,NaN,NaN,NaN,NaN,NaN,NaN,NaN,NaN,NaN,NaN,-0.397842920604931,5.515278041984,4.42827824354529,-0.966347696832507,-0.687342649103686,-0.065772501610872,-3.29475020968881,1.22079790487789,-0.0676944100254248
0007CB3D9B,54,13,1,8,18,0,24.12,25.88,1.76,7,-7.65000000000001,7,0.924273793839012,1.0271780319654,-0.611104433368923,NaN,NaN,NaN,NaN,NaN,NaN,NaN,NaN,NaN,NaN,NaN,NaN,NaN,NaN,NaN,NaN,NaN,2102.63237598647,2.55003098766127,0.0938940930078428,-3.64158142968228,0.186238054942762,1.15374935171078,0.170714630541064,3.53284488066607,-1.21819178416793,3.00205929089671,2.22513495995948,1.31116051787935,1.91251718708375,-0.18807449984379,NaN,NaN,NaN,NaN,NaN,NaN,NaN,NaN,NaN,NaN,NaN,NaN,NaN,3.92968786906867,-3.84899260304078,3.76554401123508,-1.88796566604572,2.62433324687061,0.332669852352286,-3.17541296941274,0.479857605430285,4.86926011674566
0007CB3F5E,55,13,1,2,18,0,25.26,26.89,1.63,5,2.33333333333333,6,1.09090909090909,0.998505123778374,-1.40717873262903,NaN,NaN,NaN,NaN,NaN,NaN,NaN,NaN,NaN,NaN,NaN,NaN,NaN,NaN,NaN,NaN,NaN,2097.02207855053,1.63301436247241,0.102616616801779,0.766392993114102,-0.203326128482338,0.389102953944172,-0.0646640601144951,2.8526731197976,-2.55739222009372,2.76275492646971,0.147763309191278,-0.838202155405363,0.00594874690449068,-1.21244792279546,NaN,NaN,NaN,NaN,NaN,NaN,NaN,NaN,NaN,NaN,NaN,NaN,NaN,-1.17620557126539,-4.44547272159588,2.40251992119615,-2.0561706952151,-0.585337293246128,0.0259714032817228,-2.60001503690977,-3.64152562401324,0.516685246793781
0007CB6BC3,58,13,1,1,16,0,23.81,27.71,3.9,9,-20.6666666666667,5,10.4166666666667,0.449441317790725,-2.13592130520199,NaN,NaN,NaN,NaN,NaN,NaN,NaN,NaN,NaN,NaN,NaN,NaN,NaN,NaN,NaN,NaN,NaN,2687.84997003771,1.59890767568384,0.107419877570578,5.76605944345199,-2.00328821086355,-2.89413330268793,-1.40839866658929,2.46119901662356,0.558007760720037,2.37515325263989,1.38960040520537,1.68442581876517,0.481489452259383,-2.12777905993072,NaN,NaN,NaN,NaN,NaN,NaN,NaN,NaN,NaN,NaN,NaN,NaN,NaN,-5.63566579189015,-2.99461072187553,1.88549041808137,-5.73982305573653,-0.83197948008764,1.41330875406325,-1.67054698546376,2.12667722693626,-1.53613074874992
0007CB2183,48,13,1,3,17,1,25.32,25.93,0.609999999999999,10,-23.9,10,-27.3095238095238,-4.80681704827332,0.915571502123747,NaN,NaN,NaN,NaN,NaN,NaN,NaN,NaN,NaN,NaN,NaN,NaN,NaN,NaN,NaN,NaN,NaN,1708.59482400045,1.48340153609421,0.0785093462127039,-4.01885605235346,1.81095835047599,-0.622824215951591,-0.415440343969148,-2.42583816670421,4.61281456241546,1.82344654593023,-0.274751632243541,-0.404124598278863,-5.13991716403219,-0.207085117249585,NaN,NaN,NaN,NaN,NaN,NaN,NaN,NaN,NaN,NaN,NaN,NaN,NaN,4.81173366484936,5.49350382155592,2.22280945653387,-1.97239518573469,-0.38091641658465,-2.09515639288864,-1.43160755521801,-0.521596144600528,-0.371125091845911
0007CB2277,49,13,1,5,18,1,26.24,26.28,0.0400000000000027,4,6.2,2,14.6082251082251,0.935309176443816,-1.70631842187468,NaN,NaN,NaN,NaN,NaN,NaN,NaN,NaN,NaN,NaN,NaN,NaN,NaN,NaN,NaN,NaN,NaN,2713.40057932903,2.16329140441614,0.101502931466408,3.20773244816086,1.50568704978317,3.30900046752235,0.613819760332893,2.41851189263801,-1.76009768286614,2.73627526408814,-0.865292001237377,0.112941814118545,1.29077516345848,-1.68853541562775,NaN,NaN,NaN,NaN,NaN,NaN,NaN,NaN,NaN,NaN,NaN,NaN,NaN,-3.39579833720858,-1.8142029219786,4.16905647225575,0.240227416078511,2.26850036430066,0.524299344635418,-3.47856886245872,-1.38372053788233,0.698248943187926
0007F2B8A6,67,13,1,6,17,1,24.56,25.99,1.43,1,37.4666666666667,3,13.3571428571429,1.22459520339755,-1.94502712957642,NaN,NaN,NaN,NaN,NaN,NaN,NaN,NaN,NaN,NaN,NaN,NaN,NaN,NaN,NaN,NaN,NaN,2189.34836530489,1.78674806835389,0.0768886819128657,-4.57405031524627,2.07991111470306,0.223320198606187,0.746660336581463,-0.309935154719766,-0.0236764057206746,3.21370500045227,0.964581821914717,1.2458368605351,1.39593113175265,-1.79688896566455,NaN,NaN,NaN,NaN,NaN,NaN,NaN,NaN,NaN,NaN,NaN,NaN,NaN,5.33197827063981,-0.325827784758276,3.9686937591346,-0.840055845471475,1.50033081553495,1.13538084126337,-1.13833345976854,1.03910605667121,1.54881578400676
0007F2945F,60,13,1,7,18,0,23.81,24.25,0.440000000000001,3,9.73333333333333,8,-25.9047619047619,-3.4892854715309,0.304694964473175,NaN,NaN,NaN,NaN,NaN,NaN,NaN,NaN,NaN,NaN,NaN,NaN,NaN,NaN,NaN,NaN,NaN,2390.87051225692,1.25596691642934,0.0779782492128132,-0.901095992605398,-0.230888206998564,-0.808834040021439,-0.334824122797337,0.00111502998239224,-1.46109218099981,2.25534347479653,-0.325723054154843,0.744869357807753,-4.14436694771374,-0.296491001926475,NaN,NaN,NaN,NaN,NaN,NaN,NaN,NaN,NaN,NaN,NaN,NaN,NaN,0.0408888771401535,-4.65690683611349,2.52956646341845,-1.00222205392125,-1.00918353480167,1.29484102019166,0.241989702875053,0.829309667895567,-1.06367571660572
0007CB0CDD,44,14,1,9,16,0,23.82,25.88,2.06,10,-20.4833333333333,5,7.33333333333333,1.28663936775509,-3.74437765361993,NaN,NaN,NaN,NaN,NaN,NaN,NaN,NaN,NaN,NaN,NaN,NaN,NaN,NaN,NaN,NaN,NaN,3545.8996031746,1.40509963582447,0.0702268504410471,0.231073931075434,-0.284620141591652,2.24764882425565,2.3764352173683,3.20181944142313,0.492550727063621,3.92626211989832,-1.83435595822845,2.75632279114083,0.931111598764312,-2.74744653302344,NaN,NaN,NaN,NaN,NaN,NaN,NaN,NaN,NaN,NaN,NaN,NaN,NaN,-0.804925864938293,-2.0148163148015,3.9778918303051,-1.50601191925455,3.75840400355406,4.50356473198667,-1.90692616967904,-3.07477462925143,-1.9169455694423
0007CB0F67,46,14,1,1,16,1,27.03,28.47,1.44,4,2.56666666666667,4,9.24404761904762,-0.939050856368938,-3.727156670236,NaN,NaN,NaN,NaN,NaN,NaN,NaN,NaN,NaN,NaN,NaN,NaN,NaN,NaN,NaN,NaN,NaN,1346.77380952381,2.70664602314133,0.11124173878198,-4.70532300549657,1.79269115294111,-6.10944104377667,1.41610922626032,1.24395695029771,1.33172651937298,0.604252070749269,3.6195972005856,-0.0473176896944568,0.0342642866873195,-3.79877841422592,NaN,NaN,NaN,NaN,NaN,NaN,NaN,NaN,NaN,NaN,NaN,NaN,NaN,6.67420976652071,1.25284085617615,3.63776814829476,-4.05605459891169,-3.93781712878112,2.08969982222087,4.08204738269839,0.0240355308540093,2.60756240341699
0007CB6DFA,59,14,1,4,16,1,24.81,26.58,1.77,9,-14.6166666666667,7,-13.8804945054945,-8.39455762358845,0.0100566554005722,NaN,NaN,NaN,NaN,NaN,NaN,NaN,NaN,NaN,NaN,NaN,NaN,NaN,NaN,NaN,NaN,NaN,3173.31845238095,1.6746438985552,0.0633346307333749,-1.2588306216135,1.62194439603476,-0.159980045910553,1.81819255754695,2.21917018834336,0.431330204288317,0.367303443818685,-1.05105123282207,-1.86042431382181,-6.72981489837272,-2.56221912060057,NaN,NaN,NaN,NaN,NaN,NaN,NaN,NaN,NaN,NaN,NaN,NaN,NaN,0.324602187336329,-5.60776522641389,4.12100366514984,3.45610325308885,-3.36435558794783,-4.28005148184212,-2.03195173638139,2.87103272956943,2.67557830577851
0007CB48B4,57,14,1,5,16,0,27.09,26.48,-0.609999999999999,8,-7.08333333333333,3,18.5714285714286,0.636619187326439,-2.2597218348111,NaN,NaN,NaN,NaN,NaN,NaN,NaN,NaN,NaN,NaN,NaN,NaN,NaN,NaN,NaN,NaN,NaN,3804.10773809524,1.42184490026316,0.0619856000481518,1.9134583021312,3.90678755092535,1.29153263451999,4.34114832180717,0.384487422856162,0.698186631589591,2.46120185057985,-1.10972684785116,-1.11890260107139,2.47653414768446,-2.1083204935702,NaN,NaN,NaN,NaN,NaN,NaN,NaN,NaN,NaN,NaN,NaN,NaN,NaN,-1.41537468913419,2.71744703935319,6.26079126408126,3.37699218817514,-1.0163765364154,0.0936402348426158,-3.59730027412272,-2.52131600265209,-3.54025177656029
0007F2B88A,65,14,1,8,17,0,24.38,24.49,0.109999999999999,1,18.1666666666667,8,-18.2912087912088,-5.02047405439547,0.787378002114417,NaN,NaN,NaN,NaN,NaN,NaN,NaN,NaN,NaN,NaN,NaN,NaN,NaN,NaN,NaN,NaN,NaN,1225.81577380952,1.9480471382335,0.103565061912528,-7.01016286356723,-0.476972441769726,-3.25393598399644,0.0151066076213329,1.34468056632437,0.937730300639796,1.96836507082547,0.334010819122848,2.37194531918117,-4.13887023063286,-0.461058184658345,NaN,NaN,NaN,NaN,NaN,NaN,NaN,NaN,NaN,NaN,NaN,NaN,NaN,8.00615591510075,-0.822691542764927,-0.204819655664608,-5.4608220430785,2.76525724545579,-1.54198654394114,0.0633411522598759,-0.737686999539246,-3.38341157584867
0007F2C687,71,14,1,10,18,0,26.08,26.97,0.890000000000001,5,0.933333333333332,10,-26.8974358974359,-3.89946162228528,0.811333755877978,NaN,NaN,NaN,NaN,NaN,NaN,NaN,NaN,NaN,NaN,NaN,NaN,NaN,NaN,NaN,NaN,NaN,2800.02599206349,1.54545423929702,0.0821425906548061,2.73840616356822,0.96258737389676,-2.99268557551306,-0.112778774805798,1.93493443845869,1.54038231930005,0.150944472792103,-0.0565226575951157,-0.284869773561363,-4.45822882268926,-0.0597561512360001,NaN,NaN,NaN,NaN,NaN,NaN,NaN,NaN,NaN,NaN,NaN,NaN,NaN,-1.86137671607397,1.86545372901206,2.68156760361095,-3.46131944266738,-2.42535139017074,0.950821417864633,0.338151611213571,1.45176888618918,-0.233488131036972
0007F2EEFA,77,14,1,3,17,0,24.78,25.91,1.13,2,17.3333333333333,6,4.46428571428572,0.691101006569994,-2.62653207309166,NaN,NaN,NaN,NaN,NaN,NaN,NaN,NaN,NaN,NaN,NaN,NaN,NaN,NaN,NaN,NaN,NaN,2021.68591269841,1.48223465205145,0.0741928515774936,-4.63375176717365,-0.452692779028193,-2.67880919286094,-0.262182868810496,1.82865738254215,0.343518758852593,0.626717577204811,0.688573729656237,-0.499439678740097,0.537593994663522,-1.97671976358755,NaN,NaN,NaN,NaN,NaN,NaN,NaN,NaN,NaN,NaN,NaN,NaN,NaN,5.42275157296302,-2.36984595189033,1.0826087535183,-2.00976578550177,-1.2346249002427,-3.93593990577267,-2.89256747246955,2.04993223657253,3.29677742249455
0007F2F26A,78,14,1,7,18,0,25.74,26.33,0.59,3,3.88333333333334,2,18.8846153846154,1.9000416954986,-2.15527270456478,NaN,NaN,NaN,NaN,NaN,NaN,NaN,NaN,NaN,NaN,NaN,NaN,NaN,NaN,NaN,NaN,NaN,4193.58531746032,2.02725741729231,0.0588536819509389,4.40701107030212,1.02567845129679,-0.829666547824184,0.131906793203308,3.25651099432797,1.32270836544601,0.732067986740195,-2.09668560362891,-1.29810905990348,2.37595905800271,-1.93625011865357,NaN,NaN,NaN,NaN,NaN,NaN,NaN,NaN,NaN,NaN,NaN,NaN,NaN,-4.78964796041893,-1.03805032889753,2.81884717769,-2.3240461799066,-1.20225389408397,-2.19665264001433,-0.542759345548609,-2.43588950370716,-1.75799171091721
0007F2F283,79,14,1,2,16,1,24.07,25.74,1.67,6,0.25,1,19.2380952380952,-0.218424159929254,-2.29971210818711,NaN,NaN,NaN,NaN,NaN,NaN,NaN,NaN,NaN,NaN,NaN,NaN,NaN,NaN,NaN,NaN,NaN,3105.49186507936,0.876773904140755,0.074417223864609,0.577706484260432,4.43679356811108,-0.570624100286705,4.16609432412311,1.72410253047003,1.06096941239242,0.284342096274013,1.90479613484182,0.704464941280908,0.794045229445673,-2.51695810180902,NaN,NaN,NaN,NaN,NaN,NaN,NaN,NaN,NaN,NaN,NaN,NaN,NaN,1.08188813833058,3.83368395816001,6.66597735198194,-0.297868597090581,1.01521194174503,-1.84621901423852,2.2941495169869,0.808108762611222,1.64634213119679
0007F29741,61,14,1,6,17,0,25.78,26.26,0.48,7,-0.95,9,-18.6666666666667,-1.64969288269967,-0.231861933919938,NaN,NaN,NaN,NaN,NaN,NaN,NaN,NaN,NaN,NaN,NaN,NaN,NaN,NaN,NaN,NaN,NaN,1568.09454365079,1.69011265116306,0.0656465393464531,-2.81213023887436,0.822645808074884,-4.8298429970191,-2.19915916191875,1.32117225236037,0.333044433041647,0.204851102885848,-2.02504527694482,-3.24174874894358,-2.54707451830288,-0.170159838356992,NaN,NaN,NaN,NaN,NaN,NaN,NaN,NaN,NaN,NaN,NaN,NaN,NaN,3.99627178315538,1.51470469491902,-1.47330863406302,-5.08990720709114,-5.44577685803978,-9.15292602889081,1.67626507873262,-5.72847092315136,-0.704062646772838
0007F2B3FF,62,15,2,1,22,0,26.18,26.72,0.539999999999999,6,-1,10,-28.7124183006536,-0.0605137743966105,1.86297731156047,NaN,NaN,NaN,NaN,NaN,NaN,NaN,NaN,NaN,NaN,NaN,NaN,NaN,NaN,NaN,NaN,NaN,3697.43385076253,1.52836281992724,0.307560554108911,-5.60003529903559,-1.05630645960972,0.84419127328085,-0.590479939348528,1.8920854506696,-3.60751274357707,-0.750022080780748,0.0655467646031883,0.699331683539112,-1.24562878386699,2.1853226299923,NaN,NaN,NaN,NaN,NaN,NaN,NaN,NaN,NaN,NaN,NaN,NaN,NaN,5.14245593129704,-4.13125383143433,-1.54428274108003,1.21724163978863,2.84222670415443,-1.48913931510294,2.38793043337756,-0.689919421438265,-0.259226096066262
0007CA3A72,39,15,2,4,22,1,26.26,27.98,1.72,10,-36,9,-27.1666666666667,-1.07140532262875,1.6142797370815,NaN,NaN,NaN,NaN,NaN,NaN,NaN,NaN,NaN,NaN,NaN,NaN,NaN,NaN,NaN,NaN,NaN,2880.40231481481,1.69035713928778,0.281710932624444,-7.82699893662756,-2.78210779005149,-0.786709144542674,-3.02646171612298,0.170253023329277,-0.170459094036614,-0.228694813273962,-2.1096058036099,1.67957391554032,-2.36240304502954,1.5258213153769,NaN,NaN,NaN,NaN,NaN,NaN,NaN,NaN,NaN,NaN,NaN,NaN,NaN,7.71661209441451,-2.6259062337696,-3.59439439315869,-0.665237090381897,1.17413123587966,-0.182527208567458,-1.71343513442305,0.716833437651741,-0.791568840557413
0007CB0B74,43,15,2,2,22,0,27.02,29.81,2.79,1,36,7,-11.4664502164502,0.821928822076089,0.120220049074384,NaN,NaN,NaN,NaN,NaN,NaN,NaN,NaN,NaN,NaN,NaN,NaN,NaN,NaN,NaN,NaN,NaN,2959.73191721133,1.5951708237689,0.415268889357619,-4.78035412921614,-2.96218936239282,-1.99046598614713,-2.30123385040747,0.492622246079534,-1.98668236401244,0.2084273358053,0.426206396392125,2.34390621091832,-0.636605123426932,0.864297235488646,NaN,NaN,NaN,NaN,NaN,NaN,NaN,NaN,NaN,NaN,NaN,NaN,NaN,4.45295415389696,-4.12067525286869,-3.33258878352566,-2.9137754165744,2.40540715253746,1.70911233542795,3.326913970338,0.282584562743599,-3.87018361223568
0007CB0DBC,45,15,2,7,22,1,28.11,30.11,2,8,-11,2,37.1333333333333,-0.847430708019059,-3.896040398451,NaN,NaN,NaN,NaN,NaN,NaN,NaN,NaN,NaN,NaN,NaN,NaN,NaN,NaN,NaN,NaN,NaN,10197.002832244,2.28382793240813,0.315313426819017,7.10171625481434,0.456294139063142,0.652872350506259,-0.297561746440969,2.87664557294064,0.417412594754913,-0.415941781520944,-0.605761302167907,-0.456861226288436,1.54598307437932,-3.94690253437296,NaN,NaN,NaN,NaN,NaN,NaN,NaN,NaN,NaN,NaN,NaN,NaN,NaN,-7.79675662549002,-1.32599518596079,0.710517762120797,-1.28888985802665,-0.646542761088206,0.485341694167384,-0.743785116533766,-1.36739615567009,-0.4569334504877
0007CB2407,50,15,2,9,22,1,24.43,25.47,1.04,5,2.13333333333333,6,-11.2202505349057,0.949981464859617,2.00257042114731,NaN,NaN,NaN,NaN,NaN,NaN,NaN,NaN,NaN,NaN,NaN,NaN,NaN,NaN,NaN,NaN,NaN,5391.75618191722,2.49174845878928,0.307754409043537,0.487100420402237,0.920775736285961,1.81767555820551,-0.68041122242039,-0.992073195491779,-0.165742277902194,0.765598074956916,-1.93444707731545,-0.793439294129015,0.152257258173024,2.1407084128895,NaN,NaN,NaN,NaN,NaN,NaN,NaN,NaN,NaN,NaN,NaN,NaN,NaN,-0.962398589741933,0.658106231019551,-0.0830562360835949,3.05168341854541,0.767397597551757,0.224014762384626,-0.448981482195693,-2.06498358495343,-3.48963522492591
0007F2B8A2,66,15,2,5,22,1,26.42,28.22,1.8,7,-7.91666666666667,4,6.67463092463093,-0.0167586291967688,1.20246766131873,NaN,NaN,NaN,NaN,NaN,NaN,NaN,NaN,NaN,NaN,NaN,NaN,NaN,NaN,NaN,NaN,NaN,5004.77908496732,2.23033642778267,0.247732167632715,-2.46571759409705,1.1792106531507,2.05199513159561,0.617211338528913,0.494211448017452,-1.19713343318178,-0.106556585276004,-0.756033831414534,-0.866339263960949,0.649632917193423,0.883102448596957,NaN,NaN,NaN,NaN,NaN,NaN,NaN,NaN,NaN,NaN,NaN,NaN,NaN,3.09526600067886,0.238219307234996,1.05617620763389,2.46969225941084,2.61505332444332,-0.730686951889425,1.53345891268163,-1.78154913461882,0.913782806186185
0007F2B9FC,69,15,2,8,22,0,26.52,28.12,1.6,9,-19.25,8,-17.2806832806833,0.228770116281409,1.93913762700052,NaN,NaN,NaN,NaN,NaN,NaN,NaN,NaN,NaN,NaN,NaN,NaN,NaN,NaN,NaN,NaN,NaN,6821.39438997821,1.50951919086231,0.211979604793489,0.655953891317838,1.31998176859212,-1.46361410283344,0.0432466274682826,0.750872220258186,0.0959574095707541,-0.31658144457724,1.21877865026707,-0.292524766115231,-0.645054237006175,2.14475017100819,NaN,NaN,NaN,NaN,NaN,NaN,NaN,NaN,NaN,NaN,NaN,NaN,NaN,0.196673997933121,1.25642679996856,1.27745008767565,-0.384166028305926,-0.0702559761903505,0.563560368910459,3.5841278018765,-0.157592009655603,-1.1980416651203
0007F2B59E,63,15,2,8,20,0,28.52,30.64,2.12,3,11.75,1,40.5720338983051,0.175242561538017,-3.30301791479609,NaN,NaN,NaN,NaN,NaN,NaN,NaN,NaN,NaN,NaN,NaN,NaN,NaN,NaN,NaN,NaN,NaN,5872.36015795207,1.61484325956154,0.155570278611956,-0.344299264026162,3.14051578095859,1.31318359686811,1.26454202907854,-2.26823835681044,3.49104769707966,-1.94764109201869,-0.370619740983986,-1.12808041109073,2.2407107240034,-3.41279645045568,NaN,NaN,NaN,NaN,NaN,NaN,NaN,NaN,NaN,NaN,NaN,NaN,NaN,1.10862348641309,9.99799592316574,1.70500585813329,2.15502904767353,-0.0893576166189232,0.218981669309166,0.246838327611924,-1.4835191103197,-2.39335164780861
0007F2E3D4,74,15,2,6,22,0,26.56,28.73,2.17,4,10.0833333333333,5,-4.58318070818071,0.315829541933196,1.93055938469169,NaN,NaN,NaN,NaN,NaN,NaN,NaN,NaN,NaN,NaN,NaN,NaN,NaN,NaN,NaN,NaN,NaN,5447.2033496732,1.30065622917949,0.452974157398142,2.93694921690984,1.04891361018921,-2.62201602271373,-0.267509140453673,1.53580418501772,-0.406236171160193,0.970640143067462,0.522037467425689,0.514557565258054,0.536764085453243,1.72106816265862,NaN,NaN,NaN,NaN,NaN,NaN,NaN,NaN,NaN,NaN,NaN,NaN,NaN,-3.19350691595581,-6.02018695082277,1.86396101201605,-1.89261271331083,-3.09118136639221,2.81283046952594,3.36850350452697,-1.47905436645441,-0.182884983845027
0007F2E37E,73,15,2,10,22,0,28.04,30.49,2.45,2,15.2,3,16.0496515512708,2.40099533304795,1.73816077648277,NaN,NaN,NaN,NaN,NaN,NaN,NaN,NaN,NaN,NaN,NaN,NaN,NaN,NaN,NaN,NaN,NaN,7204.07186819172,1.91869927014166,0.283921532076243,2.34776547416849,2.62925600983776,1.67402173072281,1.33605646783772,0.34572425840315,-2.00057617541202,-0.38969763593229,1.37498303627162,-1.80577297124828,2.7623464078041,2.0679390040815,NaN,NaN,NaN,NaN,NaN,NaN,NaN,NaN,NaN,NaN,NaN,NaN,NaN,-2.97821821295652,-1.48374019235079,2.35795651802737,4.52502933166865,-1.3648000781316,0.710708568921071,1.01833078307945,-2.01370827419424,0.770908103475273
0007F2E455,76,16,2,10,22,1,25.24,25.51,0.270000000000003,5,2,8,-21.6857142857143,-3.74133060466263,0.187959053269888,0.154824040994702,0.45,1,0.666666666666667,0.793540036918262,0.670947258714462,0.294169143568338,-0.0197889631638008,3.43519989170224,1.34537685953662,0.752720063927134,1.18465004245401,1.72454045339782,-2.05662547082127,-1.7624682565545,3.57453718800455,-0.1626604868596,4430.56888888889,1.77861569054155,0.36703387977265,5.58831746690796,-0.0272856089477292,0.0129669611732641,-0.135615004507247,1.16207487906118,-1.47746008925361,0.190150148370019,0.492688372698041,0.328660499165039,-4.28710556497334,-0.394368018176154,1.01938318971121,0.176562368292106,0.531663558001933,0.340103233856709,4.64205765886988,1.98988876844964,-1.18920359672369,0.431397258130424,0.536191017027095,1.71279040058598,-2.94708046670065,2.24815247343849,0.197916209412503,-5.99056584110197,-4.93134312615561,0.964170438115857,1.04884099855184,-1.8017336575027,1.5571237232098,0.242640557994423,1.19527182323424,0.195402535572785
0007CA3B1C,40,16,2,4,21,0,26.49,27.79,1.3,1,9.5,3,19.8205128205128,1.10481530566717,-1.68325675006098,-0.482076346185256,0.3,1.28571428571429,1.14285714285714,2.46716365509561,0.412889890306455,5.145958781542,-1.40495444550091,0.103760104385809,-4.29074391717463,-1.17333363619498,-1.01394080772395,1.49875682582526,0.0308958519837821,-0.623019689156876,2.01977774633185,-0.43965061138215,2977.13111111111,1.64210062505265,0.18366003363417,-6.03985497118518,0.677389380877872,1.33640416601235,1.85366741138552,-2.09265457855868,-0.679857756687685,-0.233451041462876,0.327033384957864,0.983186515688136,1.86631195175411,-1.29167152817514,2.72763136942036,-0.543793465215616,4.72950562469537,2.4230454475251,-0.0415454847578668,-2.78645785633606,-4.06034078115168,-1.72409510209962,1.15509332651081,0.800991904618934,-1.38492875675915,2.00142781737039,-0.574094900156066,6.57930584986948,0.438957310323085,1.4022218926144,3.34678552450341,2.06038407271846,0.469048867430256,0.723036485271082,2.49180140685932,0.172132489348316
0007CB1E1F,47,16,2,9,22,0,28.75,29.53,0.780000000000001,7,-5,4,15.0009873167768,2.03200345374397,-0.776855141177581,-0.258137919265214,0.45,0.9,0.909090909090909,1.7316137297262,0.764008850856107,3.97760574095659,-1.40497839026416,3.27951448425114,-0.904480239460962,0.17172139548517,3.0630857561421,0.975115474818948,-0.704905119788584,-2.99437632864167,2.58230623506637,-1.28622182091835,3543.95777777778,1.21262866476883,0.196461457717392,0.798918294093763,-1.62588639397313,0.278095118728663,-1.90289840968752,-0.963473865313683,-0.810137852620071,-0.736703777336687,-1.19230921452093,-0.756672083925451,1.68669951485217,-0.653966025061105,2.07289149583274,-0.0527676948767048,3.58761032125439,2.21545465897485,4.28526521518005,-0.313435228559705,-2.70465076908594,2.38028758050617,0.686811575468083,0.340868563082931,-4.02670918082012,1.9466924476102,-0.74842240372195,-1.48066542825548,-0.23623155099096,-2.08841885558174,0.542048320713349,0.183408795843779,-1.87226790335689,-1.30758378795601,3.35324512223084,-0.383305663213495
0007CB3D9B,54,16,2,8,22,0,25.72,27.61,1.89,3,6.83333333333333,2,21.9325236167341,-0.168006766929399,-0.950762280099737,0.660430966572788,0.35,1.14285714285714,1.4,-0.855021504937743,0.605111828450666,-3.16699753812581,-0.563143980224758,-2.52803638600282,-2.5624656486476,0.234706957288153,-0.723614430204085,-0.378794357266132,-0.153697205407362,-0.434385427473109,-0.489217869779891,-0.0345534524115407,4785.63888888889,1.88943175065196,0.215193373693284,1.1247173968105,-2.37636226347003,3.01222236447349,-0.943057786787987,1.48412414621717,-0.967528998715452,1.38958183182277,0.727702420999467,2.44329683322685,1.71139746153974,-1.42737168532814,-0.405639838288566,0.986222929095749,-3.09438476376499,0.0272735933385688,-2.97499082169507,-1.89149975284139,-1.27050717300048,0.375491761364717,0.326253221941862,1.39610324437512,-0.0640835468839646,-0.665251865633047,-0.401255032008147,-1.2391132677377,-2.59764900212561,0.433388309635742,-1.43712545843747,5.04136085051224,2.27705095195383,1.85470402218504,-0.265261551642714,1.70661494426137
0007CB3F5E,55,16,2,2,22,0,26.67,27.86,1.19,6,-1.16666666666667,1,41.54329004329,-0.486477670324647,-4.28927110892744,0.657571313542936,0.3,0.4,1.4,-0.71885100454233,0.608135020390305,1.30067840779549,1.25614921228616,-4.27810862164599,-1.76308155763163,0.596434219597016,-0.628555218380224,-0.641924117358373,0.0794063645083881,-0.355735097708234,-0.365296996688403,0.709524486363735,4073.67777777778,1.4627637304532,0.236493913498859,6.42689926574384,0.477205244419222,-3.43348089246703,-0.391400826848445,-0.874792719492585,0.0717440687352831,-1.71311046337328,1.56419226352109,-0.625935737692631,1.31207064551477,-4.98795957494932,-0.309838911538205,0.900832531212519,1.5294422289225,-0.989434874523919,-4.94222533086101,-1.16804684361201,-0.733691689868828,0.499747876485184,0.154938223909226,0.539837967472292,-0.0505386916504259,-0.70892329131084,0.462899830479907,-6.20696709970487,1.71866568738872,0.881960409400192,-0.747183245316181,-4.55395084185797,1.79690559317893,0.807104716509434,3.86927180535697,-1.89470450390096
0007CB6BC3,58,16,2,1,20,0,26.87,28.28,1.41,8,-5.66666666666667,7,-12.4444444444444,0.1349235251226,-0.228969940165711,0.0655160678946319,0.4,1,1.33333333333333,1.06203290490639,0.448191371026528,1.83136111114257,0.0112440851628564,1.69435755682946,-1.97893997625001,-0.282559241555918,3.82160267641844,0.0759639014783771,1.44851933659326,-4.44982960179546,-0.495196548031234,-0.701402086741331,3753.44,1.3427647239031,0.146722591661101,-3.42716308614833,0.451323940390274,1.29442609507101,1.15692664459256,-1.46387241687299,2.05313474683562,0.373487451086866,2.35772329397542,0.0500842583219659,-0.67053286563615,0.163617350832702,1.31337139162462,0.00115727134235728,2.03792793232289,0.707661704793968,2.0394739202723,-1.05477143776008,-2.99676133969073,3.56301022092976,2.08029258656737,-0.882662238012637,-4.19884243690733,-2.12719776788485,0.110627641608147,4.04295937572214,4.66559100507573,1.16830932340315,-0.876141108708389,1.50029876323748,2.71556344737446,-0.729113975475933,-0.337497219638512,1.1549099144586
0007CB2183,48,16,2,3,21,1,25.83,26.26,0.430000000000003,9,-6.83333333333333,9,-30.6428571428571,-2.6813961469473,1.30496462337022,0.399668672063844,0.3,1,1,0.113218910128992,0.353677904006133,0.692418187598826,0.590402058707269,-0.592521087129159,-2.33067727234866,-0.430853163146577,1.92240562482292,0.328359752581165,-0.626412435057439,-1.21425811075069,-0.21214612416044,1.48344686832259,1745.21444444444,2.1394626333705,0.288903687735286,-8.06237106789262,-1.19385553058881,-0.338688292840445,-0.725496266437446,-1.33918138889329,-1.82903298689472,1.96519795579496,-0.518528401851927,2.25606335359447,-3.43008285064267,0.825725164086625,0.222710417445195,0.212598066406972,0.667313627162495,-0.662276154653841,-0.561910909008139,-1.35500812649892,-2.52463632441125,1.44662900973179,-0.0666068478327512,0.634099116989166,-0.607750986688512,-1.38551824661345,0.971202565079248,8.09509944038943,-4.71261708671587,-1.69580529730313,0.477618320855633,1.68212780264304,0.73822117162521,0.50973146299001,0.36752573445302,-0.824967285099758
0007CB2277,49,16,2,5,22,1,27.41,28.22,0.809999999999999,2,7.83333333333333,5,9.44536019536019,1.2624330881634,-1.17245873159546,0.132150611910597,0.35,1,1.4,0.86175890096998,0.468021936498178,1.34187182715874,0.216302162438486,0.743526074838673,-2.11486306043181,-1.25581221821385,-0.579138852770032,1.57768623338426,0.750419220473842,-0.133365499510679,1.76847080885154,0.843923724374028,3741.99333333333,1.28063748975823,0.242391904017882,4.06988235865775,-0.420737885681096,-2.67062305933203,-1.62009057587335,-0.42897271216429,0.192710829163844,-1.16322099546515,0.370699459899364,-0.592768965204338,1.49184581861285,-0.77970619524961,1.06508988268816,0.0515703567577266,1.64640179023408,0.421243815082749,0.668005839154669,-1.02321980029971,-2.96875687233336,-1.46446430070316,1.14356390422615,0.241354840173522,-0.797045034249138,1.03547767976543,1.0599595853901,-4.08879806841817,1.17564982323062,-0.214754074394716,-2.08335582439042,-1.37229086974974,0.650443245759216,2.25238881605607,2.39329167137131,-2.62140992341828
0007F2B8A6,67,16,2,6,21,1,26.76,27.33,0.569999999999997,4,6,6,-8.96965811965812,0.45761408758046,-0.432030539019961,0.0923301315541863,0.1,2.5,0.5,0.502911030894397,0.870870606672445,0.712997783829441,-0.0510915350818211,-0.498235198981902,-2.26855297856018,0.704378228693131,2.25268693198008,0.49388773624213,0.0282434582344241,-2.30960916278112,-0.25300184039789,-3.87598217412528,3387.24444444444,1.67439258743649,0.259259247110073,1.50755570805518,-2.29089659925782,0.451090319224481,-2.64120686650211,-0.750431267741338,0.310555408882045,0.0538544223763761,-0.923980472972734,0.842379417219527,0.00288701537449413,-0.00100913259372907,1.21139567663619,0.796366033440429,0.916304962656281,0.480609924556768,-0.637396951001091,-1.0714306562785,-2.34277196743355,2.82770098615787,-0.311804148399559,0.538374943342851,-2.64057263817801,-0.853195026692156,-3.01456305122718,-1.45054837358632,0.0726540215914773,-1.84418416144232,-0.341116010287977,2.42140733199811,-1.33014772381612,-0.342558951776012,3.06268943731718,-1.76223134802387
0007F2945F,60,16,2,7,22,0,24.34,25.13,0.789999999999999,10,-13.5,10,-34,-2.63234733194191,1.03807251086959,0.166130100278067,0.35,1.33333333333333,2.33333333333333,-0.185384473666869,0.340412408274754,1.36818002132251,0.0112351596942342,3.83212070469076,0.317284485634464,-0.217376511797705,1.61422192289308,1.37108153529138,-0.390787212048519,0.881763908900165,-2.40342079123456,-0.414478598581494,3185.98444444444,1.31486564432126,0.212623971798704,-0.0316333487563578,-1.70546037204663,0.556425581010086,-2.17972645225253,-1.20435843583064,-0.0764609819098738,0.585346329738883,-1.24283369562393,-0.810467207555112,-3.84710074028077,0.579277905034369,0.238964996104379,0.584004015552598,1.58325196945155,0.607716397660448,4.48218221835013,-0.272347418048742,-0.042007124882269,-0.202022620451991,-1.26337149317979,-2.50729493302193,2.22526580928682,-2.44895370706637,-2.37824869330634,-0.551293822793097,0.117838826825724,-1.69058520741745,0.0753773067183008,0.540694558986162,0.758910037964412,-1.50118241237019,0.395847120307305,-1.77802430914856
0007CB0CDD,44,17,2,9,20,0,25.19,28.58,3.39,6,-1.68333333333333,5,5.69119769119769,1.20278496255641,-0.0532084021256313,0.745213949368051,NaN,4.33333333333333,0.375,-1.52448478721985,0.701914376403352,1.2553155000577,1.49332967754719,3.92489795783928,2.91204295455824,-0.121379224092107,-1.05453553749972,2.70214306887863,-1.25896019424201,-0.828196418041832,-1.0488857763726,1.51279660953864,5510.13,1.74143665827629,0.141507248165349,4.15726439951537,-2.53120619738875,0.662010173525521,-0.669696326306502,3.06354042909378,-0.807402217746115,-0.342295295807666,-1.59149687600457,2.2743241658887,1.52405157724496,0.195586112297784,-1.0797480944615,1.28807416047798,1.56906030869235,-1.14869982895291,5.25769831338174,4.56171625063889,-0.679350287256398,-1.91608078733166,-0.065400639780952,5.44370456637986,-0.476407975517185,-0.810696198607136,2.31641307647115,-4.66343587326215,-3.61444784204308,-1.10686705629424,-1.75760261124427,2.88588321443271,-1.42077636724916,-0.0960773690230548,2.10048201967405,1.41103222769982
0007CB0F67,46,17,2,1,20,1,29.21,29.88,0.669999999999998,4,12.4333333333333,6,-3.19917440660475,1.10632695373217,0.25049136264733,0.376918763964999,0.35,0.75,0.666666666666667,-1.02378912236337,0.456934771266487,-2.23512918255778,-0.785047957890002,1.08422352278641,-0.0916468817152102,-1.11470919798096,-2.11818577313555,0.269758526885015,-0.626565986462793,2.55986872822023,-0.189746255238518,0.806671874247684,3523.84333333333,1.34783269646976,0.116470369000514,1.41522001492158,2.79579667087563,0.155987895995452,1.02133447791269,-1.33578740408631,0.415011509067471,-0.542687524137935,0.962645292830948,-1.69858288367027,1.27376847955693,0.63055289924382,-0.616446230378311,0.945374310609265,-2.27408942921739,0.384413865595637,1.37871911001196,-0.950183477093108,0.698633874829234,-4.01836671820231,-2.19963957425421,-0.390451058501625,2.40072978549572,1.14568284079926,0.764261859990405,-1.13216107241182,-1.0562418769735,2.45124568643465,2.55285283188964,-3.50488271858049,1.65600220808647,2.95784749663646,-0.0404505381854025,2.56656102456459
0007CB6DFA,59,17,2,4,20,1,25.86,28.04,2.18,8,-13.5166666666667,10,-33.3333333333333,-3.35664825788203,1.11450753917933,0.762367984415853,0.65,1.42857142857143,1,-1.15034705274941,0.754396619419132,-0.0592891549704885,0.967776947357643,-0.452030439809402,2.21994490328574,-1.30009869648794,-1.18368661676916,-1.45284376420457,0.32330169743877,2.25685136122532,1.04399633904645,1.19859485963976,3889.93,1.71358129438451,0.0833785355177771,-2.01580030662932,-1.54382245239108,0.635893356955057,-0.422109707976936,0.093321706759362,1.71081905059867,0.0758851582513238,0.314477331423861,-1.56796821347953,-4.29505982481517,0.550085739204346,-0.689526342834703,1.1745650978701,0.0623496474431964,-1.01612378700051,-0.533154733858262,0.278552032800703,3.22073291189914,-0.854994722536879,0.803982341326351,1.88418813276245,1.6803513364833,2.09982205326756,1.59205882396179,2.28805412931141,1.56128665632407,-1.63708748743925,-2.64976210182755,0.0212633050518514,2.44775590417358,-1.83128535514498,-3.69119739989817,2.05824290234262
0007CB48B4,57,17,2,5,20,0,26.15,30.35,4.2,5,11.6666666666667,3,21.2728850097271,1.43871000899622,0.562127076956458,0.441656167916965,0.35,4,0.5,-0.771371272150006,0.182679826635971,-0.997111098709754,-0.70451091506733,1.67537106844286,0.770551248814843,-0.418345274336114,-1.15465964916641,0.958852830055635,-0.708845151955086,1.58342714603997,-0.460200387967242,0.298016336325943,4778.41333333333,1.55073221398716,0.12106668601293,5.87010370858258,1.70292379452103,-0.865991942943592,0.0352254074580486,0.0448758047302853,0.935668338374018,-1.43867971190721,0.393219643270017,-1.36133347597356,1.77813295513569,0.241124347981107,-0.619476411773022,0.504922436367926,-1.02644467369172,0.591328098202424,2.41859342919959,-0.0243653280320287,1.22374030804105,-3.72567662250313,-2.35730784323378,0.990997822914587,1.41819556477338,0.502754221941938,0.811390445517434,-6.02583961082351,1.585417097704,0.696133066994552,0.670388184143785,-2.48536326498309,-1.44966415868689,1.39756750011308,1.39460474457192,-0.657583074588876
0007F2B88A,65,17,2,8,21,0,25.22,27.35,2.13,7,-13,7,-13.6666666666667,-0.0476876905656028,0.295587988221208,0.71071071844638,0.45,1,3.5,-1.42127900408001,0.180752188269117,-0.646439870656973,1.12936425630546,-1.6874294450587,2.88390933540838,0.79392285939895,0.40145014998213,-0.287947090889891,0.643718472042437,0.509524908748664,-0.288633228764282,0.484285539332986,2892.83333333333,1.26280524890929,0.0844881027827389,-7.59066045256932,2.35093714436742,-0.436518095814645,1.59905741900792,-2.50667482315275,1.63011125879605,-0.448977686052422,-0.487939061064229,-0.603285051654884,-0.947445624239756,0.322798271492228,-1.15231151977833,0.863796645513545,-0.444343337526795,-1.33146185580991,-1.60891995492862,1.96909791797065,2.60513782303083,0.875715061997097,-1.20178651778123,1.29795699986467,0.417450311265047,0.226199651915298,0.903655654423386,7.90051544276061,0.720629300386173,1.52000796398443,3.23982188528818,-0.78450735450652,1.10505048798857,2.70240716494408,0.223325495615761,-0.726493057670334
0007F2C687,71,17,2,10,22,0,25.96,28.14,2.18,10,-34.5,8,-18.6282051282051,-0.944705963722702,0.155907762525038,0.492398115267996,0.4,0.875,1.6,-0.976686105556119,0.589665826098792,-1.54240357934559,-0.792796408089573,2.23767802490191,2.35766107116378,-0.960607760121044,-1.66808299487948,-2.89344410370901,-0.115169282192365,2.38815067906969,0.168108999421344,-0.74458161772362,4034.26333333333,1.55797129379107,0.126987248394792,1.99016458583265,0.43899340343609,-0.241065998980105,0.0920324359182656,0.531164006434347,-0.888785190229959,-0.573547007260616,0.231069246086987,-0.897903018232603,-2.06833635680156,0.303040666700955,-0.641451657599385,0.926383850687006,-1.59744521930441,0.53686178340561,1.83011181872782,-0.534409072946784,4.38720794865189,-1.56300002017741,-0.71088412917185,2.32863232333955,1.7874619164018,1.60541314121887,-0.414993296778233,-2.0109472869165,-1.36944184727682,0.368136969172738,0.354092604914121,-0.430136059521659,-0.175743340281374,1.46860702119757,-0.19248718304412,0.164510876027449
0007F2EEFA,77,17,2,3,21,0,25.61,28.93,3.32,2,19.4333333333333,4,13.0067593225488,0.728260446286335,0.379878039779857,0.305624516462624,0.55,0.888888888888889,0.8,0.375741339149061,0.79832173293617,-1.94879004417899,-0.507027815247752,6.83226205221736,0.606113819283605,-0.496456181207131,3.49498906619921,-0.177314364811844,-2.92379131576055,-0.62274100203658,0.104825771535971,1.92548669231875,2554.61,1.62259091540963,0.150748385598324,-4.67088777853226,0.584135077729576,0.141301488577371,2.15816996467161,-1.13793035584218,0.198922627555043,0.0375463155057962,0.125093918834129,2.6606237663302,1.5777501296491,0.340927261574068,0.576664980828683,0.365189010572224,-1.88409509258439,0.251863211503746,7.63547144598233,-1.02883300599238,0.639465534659866,2.94611874965213,-0.823868587251901,-0.276397547021701,-0.487987372366838,-0.757731231763863,2.0690405282698,5.786609727603,0.796992009480376,0.177542321842057,1.2345256966713,4.46793630745411,-2.76399002492761,2.61163661415722,1.62596362876681,-0.838692045887441
0007F2F26A,78,17,2,7,22,0,26.72,28.06,1.34,1,20.8333333333333,2,21.4905244394409,1.74197288137674,0.833794790167887,0.76635262336242,0.4,1.28571428571429,1,-1.08049695581748,0.630627994562745,-0.741632022462684,0.536238744179029,0.140472506027757,2.27644581657046,-0.902040118119736,-1.11817394102559,-0.421898988717288,-0.876605249835325,2.20956850491436,-0.067156534981435,2.05388202066659,4188.23,1.85654157684411,0.133673015410647,2.92760635954534,-1.32511849041258,-0.929066567867104,-0.311255865829868,1.12289195821017,-0.299349052511587,-0.19077543255861,0.624229444998247,-0.322242352611093,2.22308962978432,0.578219240778923,-0.689159303229296,1.03616888737001,-0.782275124981615,-0.869695118216906,0.39400931844371,1.44462347938922,2.24333338284265,-0.345302400642576,-0.160070310528991,1.826712337132,2.32645537153446,1.05853159874628,1.82952457197835,-3.64884846388963,-1.81741453484412,-0.997194535169833,-2.43147761435727,-0.994828043437976,1.24802851520986,0.583934932102568,-1.01433467314678,0.583966624389407
0007F2F283,79,17,2,2,20,1,25.74,29.07,3.33,9,-16.75,1,27.6269841269841,0.470425757627298,-1.17065827222777,NaN,NaN,NaN,NaN,NaN,NaN,NaN,NaN,NaN,NaN,NaN,NaN,NaN,NaN,NaN,NaN,NaN,4401.48333333333,1.31846504121816,0.104721514337969,1.36334134667296,1.56887534066663,1.63243560905433,0.527891270442515,-0.600933292811041,-0.163477923507643,-0.888924171246607,-0.0272404407713392,-0.627046205550698,1.31232390775935,-1.29470836221578,NaN,NaN,NaN,NaN,NaN,NaN,NaN,NaN,NaN,NaN,NaN,NaN,NaN,-0.882041490635893,2.18500215928858,1.18458064842141,3.09219859912013,0.601101166577439,-1.28406560162525,0.917366000456821,0.980351261570581,2.20798476390389
0007F29741,61,17,2,6,21,0,25.49,28.35,2.86,3,15.0833333333333,9,-20.2609710550887,0.986366375284333,0.559905871651359,0.554433062538446,0.55,0.857142857142857,2.33333333333333,-0.400248792216773,0.771718496821579,-0.366479803221989,1.42491118070974,2.77901290861374,3.35428449080923,-1.56407352251461,1.65049999071818,-1.18893868533384,1.08333924341752,0.765727789126038,-2.21247028434267,0.383763928746988,3378.14666666667,2.45041246721964,0.114546042997936,0.922673922384259,-0.92288826861864,-1.63596755412508,-2.29746956491686,0.0428815234198778,3.90224301527248,-0.107580290826763,0.119710320524028,-0.242245112812381,-0.00564521602776395,1.21759511359807,-0.0527619421790869,0.787355280297862,-0.0494491656033762,-1.47755586517288,2.87786153487459,0.482064467867493,4.11617734174591,0.995774744568017,1.13743718930567,-1.47486264649032,1.55770178766228,-1.30408929092272,0.472956132118977,0.171805888949258,2.58219680989951,-1.24341881223858,-4.59185871154613,-0.331491133358215,0.192669017509656,0.883970507480253,0.501299043736555,2.14713060282905
0007CB2407,50,18,3,9,27,1,25.84,26.92,1.08,5,2.46666666666667,2,22.1235994397759,1.28489374762257,0.19479834315212,0.251403993178072,0.45,2.66666666666667,1.16666666666667,-0.0457018014729527,0.70890858032477,-0.82420960643726,-1.61659189307032,1.15271999144339,2.30106427067109,-0.82188843470187,-0.23889313013744,1.329843581339,1.50889213523579,0.945104718203503,0.187757656429161,-2.35492150757683,NaN,NaN,NaN,NaN,NaN,NaN,NaN,NaN,NaN,NaN,NaN,NaN,2.25324143969139,-0.0694116783641739,0.211839731624078,0.534735703128866,-1.24036937465447,1.35117699759802,1.0349284672203,1.36665142938099,1.36465053981685,-0.583089063813818,1.32148390443162,0.157842351110536,0.580025785360286,0.467430568019524,-2.35687728652881,NaN,NaN,NaN,NaN,NaN,NaN,NaN,NaN,NaN
0007F2E3D4,74,18,3,6,27,0,28.97,29.51,0.540000000000003,3,6.16666666666666,3,14.3333333333333,0.628571356187398,-0.869003200364111,-0.185550652729949,0.35,0.875,1.33333333333333,1.6130856313238,0.461582159398456,-2.49680945976231,-1.4901668026831,-1.40768559296929,-2.94226360360499,0.218412808584098,-0.881783575848398,0.740406617872254,-1.22253155419638,-0.352082030254589,2.32407066858938,-1.65854616555653,NaN,NaN,NaN,NaN,NaN,NaN,NaN,NaN,NaN,NaN,NaN,NaN,1.46058915651999,-0.719145069347322,1.8492765630144,-0.220593140885918,-2.81808501705056,0.927115666188929,-1.53421048826173,-1.43615148922368,-2.80479672102308,-0.273165103872993,-0.373279354246862,1.44945124038732,-1.12649773169525,1.63165318162941,-1.94941689248077,NaN,NaN,NaN,NaN,NaN,NaN,NaN,NaN,NaN
0007F2E455,76,18,3,10,27,1,26.29,28.08,1.79,10,-19.6666666666667,10,-38.0416666666667,-6.94494311919698,3.23852792035533,0.0619469248440423,0.35,0.571428571428571,1.4,0.499841646029943,0.135648022206736,-0.608397465765786,-0.104384550945213,1.0850115264884,0.163987665121277,-0.112334635356632,-3.02536993076155,2.27391944833025,0.0944594226000164,1.56357692433055,1.5731746879223,-1.45715810721394,NaN,NaN,NaN,NaN,NaN,NaN,NaN,NaN,NaN,NaN,NaN,NaN,-6.75518451245486,1.02768064228513,0.809184009486405,0.12584890333905,-0.399907097365526,0.247516700578728,1.28400278328628,1.09496365770084,-1.73705456003416,-3.22627180275196,1.2888238260464,-0.888045507380435,0.939341511034938,1.75645726776964,-2.26242201640822,NaN,NaN,NaN,NaN,NaN,NaN,NaN,NaN,NaN
0007CB0AD4,42,18,3,7,25,0,23.92,24.97,1.05,6,-0.333333333333332,8,-14.4166666666667,-0.708957860914637,-0.313893412927146,NaN,NaN,NaN,NaN,NaN,NaN,NaN,NaN,NaN,NaN,NaN,NaN,NaN,NaN,NaN,NaN,NaN,NaN,NaN,NaN,NaN,NaN,NaN,NaN,NaN,NaN,NaN,NaN,NaN,-1.31712094079688,0.174138074428211,NaN,NaN,NaN,NaN,NaN,NaN,NaN,NaN,NaN,NaN,NaN,NaN,NaN,NaN,NaN,NaN,NaN,NaN,NaN,NaN,NaN,NaN
0007F2BA9B,70,18,3,8,27,0,28.36,28.38,0.0199999999999996,7,-0.333333333333332,4,12.7666666666667,1.73388647995462,-0.765190180347972,0.563876265814967,0.3,1.66666666666667,1.5,-0.417993625256829,-3.97602785481441,1.35336163485826,0.895468452129753,-0.163066227939387,3.91638043726935,0.463544677835625,-2.15812036228043,0.925615148835844,2.86709898502335,NaN,NaN,NaN,NaN,NaN,NaN,NaN,NaN,NaN,NaN,NaN,NaN,NaN,NaN,NaN,1.87694997909911,-0.539475582471433,-2.89170088895491,-3.71702402427118,1.42972526026158,-0.729220341850506,-0.354953575415131,4.73559682834691,1.57358412892463,-3.395955491087,4.82036159219074,-2.70630259323353,NaN,NaN,NaN,NaN,NaN,NaN,NaN,NaN,NaN,NaN,NaN,NaN
0007CA3B1C,40,18,3,4,26,0,27.78,28.21,0.43,2,9.76666666666667,6,-0.45483870967742,0.990249309043118,-0.0278783258789308,-0.245589650601958,0.35,1,1.16666666666667,2.59816042009604,-0.171526199043583,-1.76372704757028,-0.949321441065718,0.247558657962854,-2.74486124446471,-0.0628556509398133,-0.511561212400043,0.890071573998955,-1.38444219159705,0.398440282348116,-2.72589531375147,-0.30467493892015,NaN,NaN,NaN,NaN,NaN,NaN,NaN,NaN,NaN,NaN,NaN,NaN,0.202992147187499,0.552104593904578,2.02082031385124,-1.56444796632423,-1.86906471666004,0.568042293373546,0.252330532250591,-2.13095805462299,-1.78521479528557,-0.94583655098692,-3.57698070848651,-0.62485601189731,1.42631590683207,-3.05434463673966,-0.147844923391118,NaN,NaN,NaN,NaN,NaN,NaN,NaN,NaN,NaN
0007CB3F5E,55,18,3,2,27,0,29.41,27.83,-1.58,1,10.1666666666667,1,23.5294418842806,0.0925741545258631,-0.527722287953068,0.735200119123427,0.25,1.25,1,-0.742147698114491,0.558998290759335,-0.826829757939074,0.688138992787755,-3.15311027033729,-0.242083589499291,0.361527454749662,-1.59814161944391,-0.435540906003544,0.755661953945771,1.01196592349508,-0.313971212236527,-2.61050850517827,NaN,NaN,NaN,NaN,NaN,NaN,NaN,NaN,NaN,NaN,NaN,NaN,1.52294432464449,-1.13281424044039,-0.380769190484428,0.847868509141407,-0.772673411586867,-1.07803456578448,-4.22338891637438,-0.103640209919731,0.310675928336783,0.287462357575117,1.83219416264429,-0.677222853087581,1.0620544659571,0.409748410407634,-2.91718805282327,NaN,NaN,NaN,NaN,NaN,NaN,NaN,NaN,NaN
0007CB2183,48,18,3,3,26,1,26.82,29.13,2.31,8,-4.16666666666667,9,-15.5833333333333,-1.98431672098345,0.0847641463116101,0.568707165221622,0.3,1.66666666666667,2,-0.223305571198877,0.451146812835228,-2.15196407152328,0.936906581142764,-0.940288631829296,-0.930087524388954,-0.442100811191652,-0.140688193535434,-1.02381621177618,-0.658432073117031,0.564971662518018,2.51684707921228,-0.58464897572363,NaN,NaN,NaN,NaN,NaN,NaN,NaN,NaN,NaN,NaN,NaN,NaN,-2.4061711637041,0.128102937842699,-0.0349528588392981,0.453606700389012,-1.96451328049256,-1.58424730580342,-1.17495489457826,-1.30996968108141,-0.0497278996355666,0.26202232752497,-0.383863174303569,0.499480156391579,-0.35199481990933,2.20776526713993,-1.15247711980159,NaN,NaN,NaN,NaN,NaN,NaN,NaN,NaN,NaN
0007CB0F67,46,18,3,1,25,1,29.38,28.92,-0.459999999999997,4,5,7,-13.8055555555556,-0.472491242896138,-0.341005349636824,0.416164828778237,0.3,1,1.25,-1.12256955038748,-1.19886663424456,-2.70134625372971,-1.28323295528187,1.90263027531316,-0.1776942633966,-1.23927391474722,-1.74325971117442,-0.923968277843186,-0.127883325490252,2.49426149541024,-4.12663962887875,-1.03120653308688,NaN,NaN,NaN,NaN,NaN,NaN,NaN,NaN,NaN,NaN,NaN,NaN,-0.872503340732876,-0.151451492779957,-1.48448394576801,-0.411639082951314,-2.92169946873459,0.646168601910854,1.46989030029534,-2.65111473750484,2.63271241355124,-3.41387490457806,-1.71010455753176,-4.61026921518144,3.93121364595511,-3.33630037530518,-1.85243358914041,NaN,NaN,NaN,NaN,NaN,NaN,NaN,NaN,NaN
0007CB48B4,57,18,3,5,25,0,27.93,29.88,1.95,9,-9.06666666666667,5,9.54901960784314,0.839381773539134,-1.43491955133738,0.368799118287087,0.2,0.5,1,-0.29198234433823,-0.148550086431776,-0.533130352165148,-1.16209802495409,0.172131250342838,-0.0970434447773617,0.0658867811252716,-0.157434856924998,-0.427614239505072,-1.17045637777328,1.62424332167309,-1.72218168610493,0.962467419131745,NaN,NaN,NaN,NaN,NaN,NaN,NaN,NaN,NaN,NaN,NaN,NaN,1.16571206618122,-0.938465098283939,-0.374497059558427,-0.0423401156374859,-0.745131436766425,1.16482356401159,0.0313121404186085,-1.13077977222696,1.64530945119961,-0.458656067125841,-2.94955164593072,0.492475953140624,2.13430439770518,-1.22707238933031,0.964386728607948,NaN,NaN,NaN,NaN,NaN,NaN,NaN,NaN,NaN
0007CB0AD4,42,19,2,7,20,0,22.81,22.03,-0.779999999999998,3,6.6,8,-14.0987228883648,0.832558819524265,3.03970155792772,NaN,NaN,NaN,NaN,NaN,NaN,NaN,NaN,NaN,NaN,NaN,NaN,NaN,NaN,NaN,NaN,NaN,NaN,NaN,NaN,NaN,NaN,NaN,NaN,NaN,NaN,NaN,NaN,NaN,0.950811646111571,3.25861691663938,NaN,NaN,NaN,NaN,NaN,NaN,NaN,NaN,NaN,NaN,NaN,NaN,NaN,NaN,NaN,NaN,NaN,NaN,NaN,NaN,NaN,NaN
0007CB2ED2,51,19,2,10,20,0,30.42,30.62,0.199999999999999,2,16.7,3,12.1917597498231,2.10968103343869,2.79211608939906,0.694805129435789,0.2,0.75,1.5,-0.972846252658955,-2.58274983694233,0.98632250162676,0.907526427300851,-1.95371022193382,1.31633208879131,2.03493226512699,3.02395906574222,-0.864695625514116,2.39194496985078,-3.11623636940375,-1.00479203434423,2.72697011932024,NaN,NaN,NaN,NaN,NaN,NaN,NaN,NaN,NaN,NaN,NaN,NaN,2.61427027995197,3.03622402815048,-2.06416822097937,-1.7037106314239,1.06339418383445,-0.741113266693852,-2.30666974004437,3.22720094967532,-0.136995877406953,3.78916285142857,-4.23356466702601,-1.51087256084655,-1.57506076391574,-2.73760790929641,1.22859869774486,NaN,NaN,NaN,NaN,NaN,NaN,NaN,NaN,NaN
0007CB39C9,53,19,2,6,22,1,26.18,26.85,0.670000000000002,5,-2.66666666666667,7,-13.9244990303814,1.65586579955479,1.62824954524086,0.68367191117665,NaN,0.625,4.5,-1.59721483126034,-3.08438232598082,-0.102355890612094,0.987538448096463,-0.808851107826013,0.414612579815239,4.19514645774622,1.21002583314856,2.3372297844202,-0.0559535929239387,-3.99897203329248,-1.48960291998674,-0.949992654996534,NaN,NaN,NaN,NaN,NaN,NaN,NaN,NaN,NaN,NaN,NaN,NaN,0.880841208631009,2.4806130917489,-3.02803318448782,-1.96190944510355,0.0329576306492005,-1.05691249016886,-0.703532268966254,5.37977130675328,-4.02855924802689,1.27248268722061,-4.69071399753235,-0.642112685592541,-3.46502645188961,-2.45224675585705,0.0205009932607657,NaN,NaN,NaN,NaN,NaN,NaN,NaN,NaN,NaN
0007CB321B,52,19,2,1,22,0,26.19,28.38,2.19,9,-15.1,9,-29.9211038961039,-0.994982826877966,1.63587538672747,0.838836299615948,0.6,1.5,1,-1.19427421885263,0.717165861707088,2.14264789887857,1.86889902398167,-3.61399674436499,3.73296074857662,1.37945613511772,0.231268873053691,1.67777733585893,1.24314312223309,-0.173412981293109,-0.500789056832001,1.47103016580501,NaN,NaN,NaN,NaN,NaN,NaN,NaN,NaN,NaN,NaN,NaN,NaN,-2.24868536791204,2.17047600214393,-0.735374204877841,1.17410573679535,2.59541739900219,-1.25250871168074,-3.27819090126496,4.80335467729199,0.937049257309143,0.683831167777195,0.530721930335026,0.0857776909763087,0.190933892340896,-0.484981040044008,1.29264973752166,NaN,NaN,NaN,NaN,NaN,NaN,NaN,NaN,NaN
0007F2B770,64,19,2,5,21,1,27.57,28.63,1.06,6,-5.65,2,12.3426781507206,1.10709217749389,1.26985600955749,0.904332221609663,0.15,1,1,-1.28130314992017,0.686355587568146,1.96592387865409,1.67479607265871,-4.11847913112014,2.92155851384451,1.65454325991611,-0.229229508119155,0.919908337070147,1.15070797421732,0.0127593253271843,-0.360582614371683,-0.396380466859839,NaN,NaN,NaN,NaN,NaN,NaN,NaN,NaN,NaN,NaN,NaN,NaN,1.80632566090175,1.52168876604052,-0.835062850003911,1.18647803767593,2.3390299899218,-1.11800514470582,-4.23925000209396,3.7975996167464,1.07342104455785,1.06594061573992,0.503492139658467,-0.178126666257562,0.0634124888349253,-0.121033140424523,-0.359870932557739,NaN,NaN,NaN,NaN,NaN,NaN,NaN,NaN,NaN
0007F2B957,68,19,2,9,22,1,30.19,31.85,1.66,4,3.78333333333333,5,5.87378835374593,1.39291629051484,0.916302033010292,0.928444766749493,NaN,0.181818181818182,1.22222222222222,-1.18062815101149,0.430867892186956,0.684336251573362,1.11315681987679,-3.82350989776837,4.41622243026539,1.81433329155841,0.750920685638795,1.0110652135668,1.15349079799115,-0.0766087629658552,-0.429503401793427,0.887141062562774,NaN,NaN,NaN,NaN,NaN,NaN,NaN,NaN,NaN,NaN,NaN,NaN,1.49048625144079,1.46558018844788,-1.05846132336445,0.756488914193276,0.873347235209923,-1.00747753458578,-3.89045996979786,4.85492571329602,2.10972519746749,2.26959301391266,1.11342575735558,0.158947100599467,0.293787999136272,-0.412003905244737,0.644691853906396,NaN,NaN,NaN,NaN,NaN,NaN,NaN,NaN,NaN
0007F2BA9B,70,19,2,8,22,0,26.18,27.22,1.04,7,-7.38333333333333,4,7.24336977244647,1.21069720156071,2.01488636159343,0.508244196111022,NaN,0.875,1,-1.2624270920075,-3.59690932790002,1.72442044748393,1.00363584847029,0.405476369523336,-0.543520280875034,1.14735727613865,-0.618901137585532,2.47047186307483,1.99148941932652,NaN,NaN,NaN,NaN,NaN,NaN,NaN,NaN,NaN,NaN,NaN,NaN,NaN,NaN,NaN,2.13260866451016,2.23731856645253,-3.30091129297681,-2.84620369682982,1.83791343614776,-0.686568420039575,0.549316148683632,3.26319273269153,-4.02177368185782,-1.78678045094355,1.6317815300872,-2.96819429306806,NaN,NaN,NaN,NaN,NaN,NaN,NaN,NaN,NaN,NaN,NaN,NaN
0007F2CA05,72,19,2,4,22,1,25.88,26.96,1.08,8,-13.1166666666667,6,-3.0996130225714,1.03405203198369,2.27087186719287,0.622936881129305,0.3,1.5,1,-0.546028189336065,0.625262024229466,0.0425657432023142,0.474741472402932,-2.03820365756596,0.353405542108078,0.455098189188483,0.226730044285614,-0.69622921432614,-0.0733514642784306,0.0554162508769949,0.374588379178022,1.8762659545901,NaN,NaN,NaN,NaN,NaN,NaN,NaN,NaN,NaN,NaN,NaN,NaN,2.01391191534676,2.5066978264306,-0.127946767243241,0.847782401857882,-0.0364856722588594,-0.659825999738616,-2.19025622786924,0.00459167108467306,0.955331391466573,0.895918066185802,0.671734493767605,0.124476149385681,0.210901220115946,0.330558769289948,1.59028682031512,NaN,NaN,NaN,NaN,NaN,NaN,NaN,NaN,NaN
0007F2E42C,75,19,1,3,22,0,30.91,31.41,0.5,1,16.8333333333333,1,23.3923428106855,2.23511198732207,2.58113203850322,0.149527447875398,0.3,1,1,0.319486491389424,0.550012482070316,0.559593233291347,-0.968320183216573,1.55987049062774,1.1703690607628,1.11095378521437,0.24518362681574,-2.7207166006081,-2.4763743881544,0.307809174644753,-0.346952647271643,0.428514045593307,NaN,NaN,NaN,NaN,NaN,NaN,NaN,NaN,NaN,NaN,NaN,NaN,2.81338050318776,2.54539507629952,0.650288346854179,0.390200345229522,0.369571278361126,1.24349425277661,1.76824329328239,-0.687353504648637,2.67684248685819,2.27922242670845,0.534608301991208,-0.384320208723673,0.364569603648042,-0.401937318897715,0.431845905894994,NaN,NaN,NaN,NaN,NaN,NaN,NaN,NaN,NaN
0007CB0DBC,45,20,3,7,27,1,30.82,NaN,NaN,5,-1.25,1,32.25,-1.8047489964958,-4.08963341243908,NaN,NaN,NaN,NaN,NaN,NaN,NaN,NaN,NaN,NaN,NaN,NaN,NaN,NaN,NaN,NaN,NaN,NaN,NaN,NaN,NaN,NaN,NaN,NaN,NaN,NaN,NaN,NaN,NaN,0.2479919372947,-4.68038309021136,NaN,NaN,NaN,NaN,NaN,NaN,NaN,NaN,NaN,NaN,NaN,NaN,NaN,NaN,NaN,NaN,NaN,NaN,NaN,NaN,NaN,NaN
0007F2B9FC,69,20,3,8,27,0,27.96,29.78,1.82,8,-8,6,-6.58888888888889,0.910698330787378,-1.01287441149792,NaN,NaN,NaN,NaN,NaN,NaN,NaN,NaN,NaN,NaN,NaN,NaN,NaN,NaN,NaN,NaN,NaN,NaN,NaN,NaN,NaN,NaN,NaN,NaN,NaN,NaN,NaN,NaN,NaN,0.118653229700663,-0.395454064598147,NaN,NaN,NaN,NaN,NaN,NaN,NaN,NaN,NaN,NaN,NaN,NaN,NaN,NaN,NaN,NaN,NaN,NaN,NaN,NaN,NaN,NaN
0007F2E37E,73,20,3,10,27,0,29.92,31.29,1.37,1,20.25,2,17.9210440234428,2.34164460765453,0.994972050714867,NaN,NaN,NaN,NaN,NaN,NaN,NaN,NaN,NaN,NaN,NaN,NaN,NaN,NaN,NaN,NaN,NaN,NaN,NaN,NaN,NaN,NaN,NaN,NaN,NaN,NaN,NaN,NaN,NaN,2.4315357886198,1.1592620104784,NaN,NaN,NaN,NaN,NaN,NaN,NaN,NaN,NaN,NaN,NaN,NaN,NaN,NaN,NaN,NaN,NaN,NaN,NaN,NaN,NaN,NaN
0007CB321B,52,20,3,1,27,0,28.21,29.94,1.73,2,12,10,-17.791514041514,-2.6319865567679,-0.236927203634949,NaN,NaN,NaN,NaN,NaN,NaN,NaN,NaN,NaN,NaN,NaN,NaN,NaN,NaN,NaN,NaN,NaN,NaN,NaN,NaN,NaN,NaN,NaN,NaN,NaN,NaN,NaN,NaN,NaN,-2.53507432950235,-0.572752648346617,NaN,NaN,NaN,NaN,NaN,NaN,NaN,NaN,NaN,NaN,NaN,NaN,NaN,NaN,NaN,NaN,NaN,NaN,NaN,NaN,NaN,NaN
0007F2B770,64,20,3,5,26,1,29.14,28.94,-0.199999999999999,9,-8.75,3,13.5296198054819,1.31131113249467,0.811872431584809,NaN,NaN,NaN,NaN,NaN,NaN,NaN,NaN,NaN,NaN,NaN,NaN,NaN,NaN,NaN,NaN,NaN,NaN,NaN,NaN,NaN,NaN,NaN,NaN,NaN,NaN,NaN,NaN,NaN,1.88528324674608,0.6188080741644,NaN,NaN,NaN,NaN,NaN,NaN,NaN,NaN,NaN,NaN,NaN,NaN,NaN,NaN,NaN,NaN,NaN,NaN,NaN,NaN,NaN,NaN
0007F2CA05,72,20,3,4,27,1,26.27,27.36,1.09,3,1,7,-7.25882450882451,0.577902893731319,0.740705663563478,NaN,NaN,NaN,NaN,NaN,NaN,NaN,NaN,NaN,NaN,NaN,NaN,NaN,NaN,NaN,NaN,NaN,NaN,NaN,NaN,NaN,NaN,NaN,NaN,NaN,NaN,NaN,NaN,NaN,0.159653954098637,0.758662488931663,NaN,NaN,NaN,NaN,NaN,NaN,NaN,NaN,NaN,NaN,NaN,NaN,NaN,NaN,NaN,NaN,NaN,NaN,NaN,NaN,NaN,NaN
0007CB1E1F,47,20,3,9,27,0,30.65,25.93,-4.72,4,0,5,-4.50914423740511,1.51988328350332,-0.403991936959438,NaN,NaN,NaN,NaN,NaN,NaN,NaN,NaN,NaN,NaN,NaN,NaN,NaN,NaN,NaN,NaN,NaN,NaN,NaN,NaN,NaN,NaN,NaN,NaN,NaN,NaN,NaN,NaN,NaN,0.15676663831871,0.0602094723604713,NaN,NaN,NaN,NaN,NaN,NaN,NaN,NaN,NaN,NaN,NaN,NaN,NaN,NaN,NaN,NaN,NaN,NaN,NaN,NaN,NaN,NaN
0007F2EEFA,77,20,3,3,26,0,28.03,28.38,0.349999999999998,6,-2,4,-1.92954822954823,0.664265205730693,0.870833233120651,NaN,NaN,NaN,NaN,NaN,NaN,NaN,NaN,NaN,NaN,NaN,NaN,NaN,NaN,NaN,NaN,NaN,NaN,NaN,NaN,NaN,NaN,NaN,NaN,NaN,NaN,NaN,NaN,NaN,0.289621332042705,0.743439806115544,NaN,NaN,NaN,NaN,NaN,NaN,NaN,NaN,NaN,NaN,NaN,NaN,NaN,NaN,NaN,NaN,NaN,NaN,NaN,NaN,NaN,NaN
0007F2F283,79,20,3,2,25,1,27.64,28.38,0.739999999999998,10,-11,8,-8.55952380952381,-0.606282659526529,-0.688705205515713,NaN,NaN,NaN,NaN,NaN,NaN,NaN,NaN,NaN,NaN,NaN,NaN,NaN,NaN,NaN,NaN,NaN,NaN,NaN,NaN,NaN,NaN,NaN,NaN,NaN,NaN,NaN,NaN,NaN,-1.37495049404617,-0.782365953775206,NaN,NaN,NaN,NaN,NaN,NaN,NaN,NaN,NaN,NaN,NaN,NaN,NaN,NaN,NaN,NaN,NaN,NaN,NaN,NaN,NaN,NaN
0007F29741,61,20,3,6,26,0,27.97,29.82,1.85,7,-2.25,9,-17.0632201132201,-4.07711151495139,-0.681785345059714,NaN,NaN,NaN,NaN,NaN,NaN,NaN,NaN,NaN,NaN,NaN,NaN,NaN,NaN,NaN,NaN,NaN,NaN,NaN,NaN,NaN,NaN,NaN,NaN,NaN,NaN,NaN,NaN,NaN,-4.03673876027816,-1.32829228473059,NaN,NaN,NaN,NaN,NaN,NaN,NaN,NaN,NaN,NaN,NaN,NaN,NaN,NaN,NaN,NaN,NaN,NaN,NaN,NaN,NaN,NaN
0007F2B3FF,62,21,3,1,27,0,27.05,27.29,0.239999999999998,3,3,8,-6.62380952380953,-1.22461238925122,0.312597971645234,-0.380149687678209,0.45,0.909090909090909,1.25,2.20815358508057,0.4696534912515,-1.15431233720823,-1.15613352634163,3.73553364457465,-0.485367158146133,-0.91963637899623,1.35568977277743,-3.7557203852886,-1.83933820717534,1.13222360168353,0.0743573879987578,0.380857249321568,NaN,NaN,NaN,NaN,NaN,NaN,NaN,NaN,NaN,NaN,NaN,NaN,-0.783125294343825,-0.456738917133949,2.3814963346844,-0.502778767816079,-1.34594703456907,0.82154408862688,3.51277932550575,-3.85131520407105,2.67827153598979,3.08713833653901,1.40991263351783,-0.67779671811852,0.87043464809913,0.749138010282433,0.244773909747361,NaN,NaN,NaN,NaN,NaN,NaN,NaN,NaN,NaN
0007CA3A72,39,21,3,4,27,1,27.51,28.73,1.22,6,0.5,9,-24.5225108225108,-2.19623907594958,-0.600841324964275,-0.514871685820198,0.45,1,1.14285714285714,2.4029537380618,0.612794540466601,1.63206760903932,-0.865489288952977,2.64493541149907,-1.74567224547175,-1.22819982307223,2.76572522614727,-3.49542453940852,-0.969039323880614,-1.91931045506437,0.358978045487481,0.0418699931569586,NaN,NaN,NaN,NaN,NaN,NaN,NaN,NaN,NaN,NaN,NaN,NaN,-3.05014035671328,-1.17008871035701,2.77888616288009,-0.341388537041703,1.49467334994889,1.28841113791154,2.4099413998122,-4.49057711282805,1.30385238340977,4.00712393851832,1.49884694814208,-0.485835410762623,-1.87694621421178,-0.407103029497245,0.213875047455973,NaN,NaN,NaN,NaN,NaN,NaN,NaN,NaN,NaN
0007F2B59E,63,21,3,3,25,0,31.52,31.89,0.370000000000001,7,0.5,2,24.521645021645,0.0893188976044031,-2.73286548670557,-1.04385533010735,0.35,0.857142857142857,1,5.42791546003166,-1.13658015107092,-1.38214673774517,-3.07984811891624,-1.51943564806984,-3.38214958615665,-2.1393308615382,-2.39919454603818,-2.68035340234362,-0.625349947492936,1.91748306934892,1.76155332813422,0.396412769460956,NaN,NaN,NaN,NaN,NaN,NaN,NaN,NaN,NaN,NaN,NaN,NaN,0.294933342400616,-2.97933593355959,3.82636174948974,-3.94768910153263,-2.36153756271771,2.16575519452367,-2.20672057864211,-4.28383243651488,0.147538685661528,-1.81197003455077,0.581954798854143,1.56924817052497,1.07765374090251,2.72329291119751,0.512909242717114,NaN,NaN,NaN,NaN,NaN,NaN,NaN,NaN,NaN
0007CB464C,56,21,3,2,25,1,28.02,30.7,2.68,5,2.5,4,5.16666666666666,2.17304910136401,-1.36764491355469,0.3771293276716,0.3,1.25,0.8,-0.420953578193331,-0.807726279327786,0.34071110587034,0.401971930204847,5.78939635152423,0.766499854900237,0.392807839174507,1.23719641700178,3.47357863538236,-0.900923619776909,-2.38335565876891,0.0216419920338499,0.660313114969208,NaN,NaN,NaN,NaN,NaN,NaN,NaN,NaN,NaN,NaN,NaN,NaN,0.768448196571873,-0.941999352124042,-0.727903783242918,-0.455112012471478,0.244462965153916,-0.606185456164412,7.1473910056618,1.99294490601334,-2.26911517701446,-1.31771726952579,1.33733997383433,-1.06008473818246,-2.31997638639546,-0.902971492656706,1.43564141984591,NaN,NaN,NaN,NaN,NaN,NaN,NaN,NaN,NaN
0007F2B957,68,21,3,9,27,1,31.32,32.88,1.56,2,3.5,3,12.8116883116883,0.40358097505556,-3.24033598712122,0.869505236936425,0.7,6,1.22222222222222,-1.04167057595901,0.137576273683167,-1.62907356302006,0.519811196134279,-3.55717029849133,-1.23859113392769,0.331916207699341,-1.61052092314797,0.0265656655829027,1.38965594013117,0.164733098950576,0.00517775725038117,-0.757986091283358,NaN,NaN,NaN,NaN,NaN,NaN,NaN,NaN,NaN,NaN,NaN,NaN,-0.37237939119396,-2.95023861519572,-1.08777195637878,0.427928843424724,-1.63295836680115,-1.02240189275402,-4.31408589112945,-0.369442579150057,-1.06828701071876,-0.237066056051775,2.59767486591556,0.49510392426957,-0.00994938931543868,0.346996802079622,-0.641608941195821,NaN,NaN,NaN,NaN,NaN,NaN,NaN,NaN,NaN
0007CB2277,49,21,3,5,27,1,29.32,28.29,-1.03,4,2.5,1,28.1071428571429,0.479862788450283,-3.17962532096933,-0.0910053244644744,0.25,1.25,1,1.88917389724715,-0.00805586408092386,0.188811207299208,-1.77622911290743,-4.09802301603058,-4.40303683059382,-0.555660651675424,-1.74665254636623,-1.15202987430922,0.780984145201361,0.393649277866075,0.321816377842935,-0.816870239760024,NaN,NaN,NaN,NaN,NaN,NaN,NaN,NaN,NaN,NaN,NaN,NaN,1.52765463325735,-3.24311858741497,1.56528642126872,-1.00108175997387,-0.317105728871487,1.76906299435502,-4.7073956504253,-3.42744885192075,-1.9690260561157,-1.36959674223027,0.522013016313425,-0.0199379071520862,-0.0651005540066734,0.851428025314735,-0.469752254915705,NaN,NaN,NaN,NaN,NaN,NaN,NaN,NaN,NaN
0007F2B8A6,67,21,3,6,26,1,28.69,26.19,-2.5,1,17.5,6,-4.57748917748918,0.785403927192664,0.33430466956948,0.261997941873278,0.1,1,1,0.19397572271067,0.807420169397272,-1.50643660421275,-0.7239836579588,-2.29894825182094,-0.971849941076681,-0.0766679624583038,-0.0821675338622167,-1.50691220554563,0.732649309237201,0.0865136566641932,-1.10190321902454,-0.882179519713192,NaN,NaN,NaN,NaN,NaN,NaN,NaN,NaN,NaN,NaN,NaN,NaN,0.270098435843858,-0.055895111422545,0.823359896004822,0.823252919754598,-1.54991197215499,0.509068391559082,-2.84225937759439,-1.89685315969473,0.746566874929783,0.999215342278769,0.587550228007415,-0.621693771300514,0.577112894509835,-0.762043632188687,-1.10254672435564,NaN,NaN,NaN,NaN,NaN,NaN,NaN,NaN,NaN
0007F2B88A,65,21,3,8,26,0,28.08,27.34,-0.739999999999998,10,-17.5,5,-3.06666666666666,0.969370614546218,-1.80311103782351,0.626231290212439,0.2,0.4,2.5,-1.39349168093001,-1.24127590450884,0.174286119799184,1.01493245918812,-2.89914225583051,-0.0321094626638027,-0.155611174488015,0.1628953099027,-0.80886996337411,1.61985269183162,-1.08751485554193,-1.74484093453579,-0.358984800039291,NaN,NaN,NaN,NaN,NaN,NaN,NaN,NaN,NaN,NaN,NaN,NaN,-0.107967917477379,-1.37095549883238,-1.82734638806107,-0.380441538608388,0.312826159869469,-0.993657017050752,-3.11842167675038,-0.406486894494531,0.933393805363521,-0.831925414556111,-2.18716377911973,-2.64517812087713,-0.308912506989158,-2.48441620369604,-0.553145319231881,NaN,NaN,NaN,NaN,NaN,NaN,NaN,NaN,NaN
0007F2C687,71,21,3,10,27,0,27.81,27.63,-0.18,8,-5.5,10,-27.0833333333333,-1.05528228916823,1.25136462207633,0.512203586555433,0.3,1,1,-0.490996489389689,-0.21094295390074,0.574387833896478,0.813822623851141,-2.48404381379066,0.718556187462129,0.275804106512946,-0.123059658974218,-0.818298596658428,0.428889322859269,0.469525923135682,-0.0836920710377968,-1.71899676464761,NaN,NaN,NaN,NaN,NaN,NaN,NaN,NaN,NaN,NaN,NaN,NaN,-2.10814167508991,0.729904752930388,-0.47616863891603,0.107032721679444,0.631386389133842,-0.791765264821884,-2.81000447789105,0.36268152286983,0.631556767651026,0.555720897126839,-1.14523288617117,0.0634740683087408,0.290182723527325,0.266271072881203,-1.53303486954264,NaN,NaN,NaN,NaN,NaN,NaN,NaN,NaN,NaN
0007F2F26A,78,21,3,7,27,0,28.52,27.71,-0.809999999999999,9,-7,7,-4.73333333333333,-0.398487135086991,-0.992160030199378,0.691113411572225,0.3,1,1,-0.72723222417191,0.200922322552281,-0.904980528524147,0.470840134209653,-1.54363488051067,-2.99378252338924,-1.1643992151437,-2.10763474796963,-1.29930402937566,-0.550323144948982,1.66485618823419,-0.127039361152272,0.810929160728387,NaN,NaN,NaN,NaN,NaN,NaN,NaN,NaN,NaN,NaN,NaN,NaN,-0.978190038846286,-1.33555661773543,-0.672990123251895,0.416447992488421,-0.957620300972169,-0.866584721737438,-2.17468639565674,-3.95948623676601,0.52831793476279,-2.33079903133578,-0.397288627611831,1.15962771658151,1.4590606199184,0.897778856229443,1.50170268021234,NaN,NaN,NaN,NaN,NaN,NaN,NaN,NaN,NaN
