Mouse_RFID,unique_identifier,group,repetition,fur_pattern,age,mutant,weight_pre,weight_post,weight_diff,rank_by_tube,DS_by_tube,rank_by_chasing,DS_by_chasing,chasing_pc1,chasing_pc2,log10(baseline_rate_mean),cs_plus_detection_speed,cs_plus_detection_speed_intraphase_shaping,cs_plus_detection_speed_crossreversal_shaping,cs_plus_pc1,cs_plus_pc2,cs_minus_pc1,cs_minus_pc2,switching_pc1,switching_pc2,switching_pc3,switching_pc4,switching_pc5,switching_pc6,shaping_pc1,shaping_pc2,shaping_pc3,time_in_arena_average,log10(corner_to_middle_ratio_average),ratio_social_to_total_time_average,social_interaction_pc1,social_interaction_pc2,social_interaction_pc3,social_interaction_pc4,social_interaction_pc5,social_interaction_pc6,social_interaction_pc7,social_interaction_pc8,social_interaction_pc9,RC,RC values,Mutants,Others,All,histology
0007CB44CE,12,1,1,7,55,FAUX,"25,92","24,82","-1,1",3,"7,7142857143",9,"-19,0714285714","-0,2355378554","0,6759170867","0,0280747269","0,15",1,1,"-0,9850968395","0,7276015526","1,2812830432","0,5630224126","1,7811782656","-0,1931109209","3,1588230971","1,169658964","-4,90126787","0,724481691","-1,9180482273","1,1303832263","0,6670487643","5186,6711111111","1,9262763179","0,1107831099","3,7857708522","-2,5931093782","0,4162756425","-3,4805652409","-2,4170339753","2,311149763","0,9138201346","-0,9084393769","0,3494824653",FAUX,"8459,2377777778","3344,8066666667","5186,6711111111","5186,6711111111",strong
0007CDDBAF,32,1,1,9,57,FAUX,"31,46","32,64","1,18",6,"-6,0595238095",7,"2,0454545455","0,2986637989","-0,6909505947","0,78380359","0,6","0,2666666667","5,3333333333","-1,7247193446","0,4764064102","-1,1890275142","0,4609726296","-1,2748883725","4,64635066","0,6443437133","2,2373550235","-1,2680795516","-0,1093764465","-0,2523738881","0,1261517447","0,8837055136","3852,7288888889","3,4688108072","0,1210080243","0,1470527374","-2,109328898","0,5621181167","-0,1059017183","0,3538305257","-4,0276081477","-1,2499215582","2,4407736571","1,5468236302",FAUX,"16292,34","1965,1444444445","3852,7288888889","3852,7288888889",strong
0007CD765E,22,1,1,5,57,FAUX,"31,68","31,11","-0,57",9,"-13,25",10,"-26,75","-2,8754160749","0,7834889165","-0,0563364269","0,45","1,1666666667","1,0909090909","-0,1729217103","0,3088563815","0,4054547952","0,4447174226","9,5623387269","-0,9699848376","-2,5177170815","0,3223144436","-0,7319164865","2,8175380771","1,5225798193","0,4611306733","1,540690387","2326,6022222222","1,4359824891","0,1052397822","-6,4676587965","1,2632598262","2,4526811234","0,533078287","-4,2021429121","0,4356327357","0,3071588044","-0,6981909067","-0,4082765642",FAUX,"6761,7222222222","5224,6564102564","2326,6022222222","2326,6022222222",strong
0007CB7051,17,1,1,4,56,FAUX,"32,58","33,98","1,4",1,"28,9619047619",4,"6,6872236958","3,5415575411","1,1869962681","0,1542549131","0,55","0,8333333333","1,5","-0,8011268976","1,0857939495","-1,1601705787","0,0429209158","7,1746813581","1,2126199087","-1,6109686338","2,786110156","-0,3411914265","1,2972218788","-0,8885565159","0,5500143951","0,823478086","4803,8088888889","1,1887579176","0,1008958632","2,784569967","-1,0339000522","1,9133000867","-0,285711909","-1,4639343249","-2,830285811","-0,7763398826","-0,1160137817","-1,3168224776",FAUX,"5220,4022222222","3224,6666666667","4803,8088888889","4803,8088888889",strong
0007CD77C5,23,1,1,10,57,VRAI,"32,71","33,98","1,27",2,"17,6666666667",2,"7,8630644718","2,136510379","1,0693175088","0,719899091","0,3","1,3333333333","1,1666666667","-1,9259502619","0,1258349518","-1,6208335462","0,2450228596","2,2932327225","3,2069135079","0,1455316902","3,1351162252","-0,0767673866","-2,0031400659","-1,5572881455","0,8508839082","1,3000577375","9067,12","1,4647634137","0,0911510797","6,6747145001","-0,8522174646","2,8008645282","-0,9886930046","-0,836799474","-0,5216464807","0,2522637032","-0,9783914674","-0,5202871588",VRAI,"13468,9743589744","2882,0794871795","3262,6711111111","9067,12",strong
0007AC2B02,2,1,1,3,55,FAUX,"33,59","33,34","-0,25",4,"2,7777777778",3,"7,8193046334","2,5313286898","0,7018449485","0,3487844078","0,3","0,7142857143",1,"-1,4686433313","-0,9441897685","-2,5612080318","0,2755124942","5,3566787149","0,9109728924","-0,2186774206","-1,0782986321","-1,1179258766","-2,2590392749","2,5011755753","-1,8863811495","-0,2795592602","8459,2377777778","1,2783152174","0,1019978947","7,6186384609","-0,6913253574","0,8496950415","-1,339321992","-0,7508159399","-0,134663135","-0,233382381","0,3492574882","-0,8418674587",VRAI,"11803,2717948718","1718,5166666667","3438,5288888889","8459,2377777778",strong
0007CB0942,5,1,1,1,55,FAUX,"34,36","34,69","0,33",8,"-11,75",8,"1,3273809524","1,8261192682","-0,2329697448","0,4066023677","0,15","1,3333333333","0,4","-1,5455596605","-0,3863319944","1,2583406316","3,3871440927","-5,5378008112","3,6835738036","2,4608300988","1,1649284415","-0,7179916212","0,4411569108","-2,6715055424","-0,1620346717","2,7771463133","3262,6711111111","1,6239739844","0,1156611965","-2,2274317195","0,5869574392","3,6607047673","2,1492829045","-2,4233679032","-3,3606060622","-0,0404973328","0,4950703046","-0,8384396293",FAUX,"10424,417948718","1994,8555555556","4711,24","3262,6711111111",strong
0007CD6778,20,1,1,2,57,VRAI,"36,42","37,81","1,39",7,"-6,8944444444",5,"6,2857142857","-1,6780893192","-1,2563530047","0,2752110168","0,3","1,1666666667","0,625","-1,164554171","0,1459699699","-0,2648106551","0,4912642254","-1,186355683","2,854589649","-0,0873660384","1,7787892305","-0,9729992998","1,0907342416","-1,0539027312","1,08619934","1,5013515731","3344,8066666667","1,2561828529","0,0647086063","-7,2787139954","-0,7057732932","1,0905951228","-0,9505064466","-3,5852813424","1,6083260698","0,243724151","-0,4106015758","-0,1025026532",FAUX,"5363,1820512821","2591,1277777778","5632,1911111111","3344,8066666667",weak
0007CDC443,30,1,1,6,55,FAUX,"36,46","37,53","1,07",5,"-2,25",6,"3,5833333333","-0,6739528671","-1,6866501465","0,7749191906","0,5",1,1,"-1,9649223911","-0,0030623921","-0,4201221408","3,2119509387","-1,0598611163","3,3530998552","-1,1859175715","0,8413831444","0,4395391926","0,2494689087","0,9470778287","1,9138622144","-1,0765938613","3438,5288888889","1,8123148427","0,1222047155","-1,0675367784","-1,5190379179","-1,0389502521","-0,1420160311","-1,1418752312","-4,3873760723","-0,4919788967","1,3518553165","1,6839821585",FAUX,"6550,6307692308","1795,6047619048","5103,4822222222","3438,5288888889",strong
0007CDADED,28,1,1,8,55,FAUX,"36,89","37,75","0,86",10,"-16,9166666667",1,"10,2099526535","-1,9904837909","-2,5924610089","0,4321964337","0,1","1,5","0,2","-1,6966732107","0,1817673059","1,4629881838","3,1528091153","-3,2034671893","2,7897237963","-0,2656079939","-0,0114573705","-0,2685477557","1,0435418228","-0,8265263155","1,913014186","1,2217060602","4711,24","1,8630457935","0,092649352","-1,0871036329","-0,200297757","2,8833422061","1,3067107152","-1,5099233635","-2,9550407087","0,1980487322","1,3324216354","-0,5341663429",FAUX,"4716,580952381","3228,4166666667","1378,7755555556","4711,24",strong
0007CB6AB4,16,2,1,2,56,FAUX,"27,19","26,74","-0,45",8,"-15,4333333333",10,"-27,5909090909","-1,9323327975","1,9734613793","-0,1510366308","0,55",1,"1,1","0,8581019614","-0,2607142791","2,2699791593","-0,4210922733","0,6385653935","-3,4223178979","-1,9981781235","0,0931543244","1,6201444669","-0,7458102775","0,5714765909","-1,8064568667","-1,0491245712","16292,34","1,1258317602","0,0713620975","3,4069189162","4,2478880149","-0,6761462415","0,3245341261","-1,0493273012","0,9010881679","3,5529409667","1,7499009642","2,0552231043",VRAI,"7560,2595238095","2795,94","3973,1355555556","16292,34",strong
0007CDE4F0,34,2,1,3,58,VRAI,"30,71","29,96","-0,75",6,"-4,9",6,"-0,2305841692","1,7902283346","0,3172244027","0,6656051088","0,35",1,1,"-1,9613053373","-0,0834490112","-1,4922742082","0,463172205","-1,8346249106","5,9566982015","-0,1384542858","1,3707505474","1,1930437663","2,3858704666","1,3517009269","-4,0191567465","0,4462957158","1965,1444444445","2,3391621939","0,0679441149","-4,7747422801","-3,2727934106","1,2884335805","0,9319726596","-0,6437539398","-1,6449344195","2,6241227754","-1,0331989958","0,9667014756",FAUX,"5040,5138888889","9815,5644444445","1040,8933333333","1965,1444444445",weak
0007CDEC0B,36,2,1,1,75,FAUX,"32,32","31,82","-0,5",2,"26,5",1,"16,8887353269","2,5519499806","0,0131470406","-1,1907804886","0,4",1,"1,2857142857","3,0181920906","-0,8083897255","1,6678163959","-1,4045934606","1,0438739245","-2,3767374445","-0,2091041729","-3,3808603391","-1,9045826829","-2,800739755","2,2598026305","-0,5003952886","-1,1609485982","6761,7222222222","1,095943971","0,1228441143","4,0472258802","4,1108558919","-0,9306124465","-0,2903631667","-1,8875246154","-0,3288226875","2,2673585755","3,3560394781","-0,4478864421",VRAI,"1654,2888888889","2337,9222222222","3009,1","6761,7222222222",strong
0007CDEEE2,37,2,1,8,75,FAUX,"32,92","33,72","0,8",3,15,5,"2,6078722003","1,6448138881","-0,2399338384","-0,1378273956","0,4","0,875",1,"-0,0020071196","0,1571244662","-0,9500335219","0,2948499581","-2,2430149977","-4,7000594762","-2,1162989696","0,7409827545","0,1472008356","0,3320906212","-2,9260329875","3,4832556529","0,5880637503","5220,4022222222","1,1746185561","0,1060484484","4,3846100504","2,341079223","0,7778438922","1,2405914202","-2,2102429648","-1,4262165853","2,2611499009","1,0282781747","-0,9754904144",VRAI,"2557,980952381","2131,1777777778","9189,1282051282","5220,4022222222",strong
0007CDE223,33,2,1,6,75,FAUX,"33,16","31,48","-1,68",7,"-5,1587301587",2,"15,573603547","3,0587921419","0,6047973662","-0,7443454096","0,35","1,1428571429","1,1666666667","1,318095367","-0,2371768387","0,1066247814","-1,2291121373","-0,1858826446","-1,0262313519","-1,2766536419","1,0727961103","0,6651532921","-0,9852930832","0,5983245327","-0,064048315","1,2612934236","5632,1911111111","1,5664704928","0,0605795416","-6,7660508673","4,2427272695","4,5381462241","1,6012465165","0,2117583625","-3,0134897011","1,5454628649","0,2158350584","-2,5318163407",FAUX,"3109,9285714286","9067,12","2623,5846153846","5632,1911111111",strong
0007CB3491,9,2,1,10,56,FAUX,"33,91","32,58","-1,33",10,"-30,75",3,"15,2255244755","0,5328252415","0,3180366059","0,4586128775","0,4",1,"1,3333333333","-1,2204079163","0,1254279742","-1,0764649348","0,440797032","-3,4369696301","1,9934380007","-0,2949114573","-2,6182597826","-1,0063597572","1,0494662111","2,9276503145","-0,4375036564","0,095233141","5103,4822222222","1,2476082995","0,0788215628","4,5359188934","0,792241053","-1,0373838816","0,3891844045","-1,1224983185","2,2908963247","2,9937650074","0,555585107","-0,6925429462",FAUX,"2836,9380952381",,"8245,3025641026","5103,4822222222",strong
0007CB2224,6,2,1,9,58,FAUX,"35,99","35,41","-0,58",5,"-0,8571428571",9,"-23,5909090909","-2,2095556586","1,3739496977","0,6217167852","0,4","0,5","2,6666666667","-2,7983345045","-3,8589298722","-0,5124825778","0,3613054361","-4,6508100285","4,6243617709","1,6460043418","1,0868568724","0,8932260471","0,5503713665","-2,8711307139","1,2711652694","1,1355531076","1378,7755555556","2,3270962961","0,0688259631","-2,2629206937","-1,0583503293","-3,0625352727","-1,3121677766","-1,8467919489","1,2087478111","1,5933354433","0,7024704165","-2,1806177213",FAUX,"10464,9244444444",,"743,9025641026","1378,7755555556",strong
0007CDEAA7,35,2,1,7,57,FAUX,"36,04","35,07","-0,97",9,"-25,5",4,"10,4642857143","0,6927524797","-1,0876966591","-0,1172337878","0,35","0,8571428571","2,3333333333","-0,463145194","-0,6073943061","0,4135829074","0,3744117993","-4,3949004256","-1,1248598079","-0,0174610705","-1,3537848864","-1,2939549107","-1,3619508064","1,328565324","1,5276668445","1,5527909697","3973,1355555556","1,3300235009","0,0669451667","4,805586476","-1,0697239125","1,2573675058","1,5554834442","-0,3535245157","-1,6454132667","2,8499440485","-0,5441144696","-0,4296490646",FAUX,"6908,9555555556",,"5069,5333333333","3973,1355555556",strong
0007CD5116,19,2,1,4,57,FAUX,"36,69","34,7","-1,99",4,"12,7111111111",7,"-2,8333333333","-0,2026993751","-0,8064576116","0,2878762585","0,45","1,1111111111",1,"-1,2126086286","0,0141810643","0,4855553465","0,3004949909","-4,7187206279","-1,6247343387","-0,0267128732","-2,0989246437","-0,7739108624","-0,4102770133","1,7877315559","-0,9438508936","-0,1824049681","1040,8933333333","2,7473356183","0,0751683383","-12,2852519159","-2,1727765845","-0,6243396591","-1,9821486116","0,0611040327","-1,4967867158","0,1573103708","-0,1316488234","1,129225406",FAUX,"5345,7111111111",,"3444,7666666667","1040,8933333333",strong
0007CB4837,14,2,1,5,56,VRAI,"40,03","37,21","-2,82",1,"28,3880952381",8,"-6,5142855797","-6,3466827566","0,3155484499","0,1193828131","0,45","3,3333333333","0,3333333333","-0,76646697","0,0908790865","0,8476432376","0,1603369458","-2,5086680459","0,6365043616","1,6795703106","1,7355098988","-0,6156048187","-2,4910837548","-1,6232172249","-0,0847748142","1,7251925387","3782,1733333333","1,3585664345","0,1293818134","-4,2960531707","2,6649032631","-0,0981412698","-5,6433451721","-0,5533120277","1,2207380313","0,8698619562","-0,9029758863","-0,1658406696",FAUX,"7097,1044444444",,"1788,9128205128","3782,1733333333",strong
0007CDAD6B,27,3,1,4,78,FAUX,"28,63","29,17","0,54",6,"0,8333333333",10,"-14,4416666667","-2,0662655247","-1,0523179346","-0,7279210686","0,4",1,"0,8","1,1841521071","0,2535407871","0,7503983563","-1,2629173531","6,9655127841","1,1060491768","0,1402681002","-1,2209654501","0,4094053627","0,5060967498","1,7895384736","1,2999869724","-1,7121074454",,,,,,,,,,,,,FAUX,,,"3598,317948718",,strong
0007CE0327,38,3,1,6,78,FAUX,"29,83","28,94","-0,89",8,"-9,5714285714",6,"-4,8666666667","-1,7655453663","-1,6789783208","-0,4238846705","0,35","0,2857142857","1,4","0,145389634","0,3280614348","0,0475401285","-1,1869890947","3,5321944997","3,2113655046","-1,5746707197","-1,1204209572","-2,774458777","-0,2271443617","3,1099957046","0,1379274207","-0,4786663021","3009,1","2,1565817103","0,1215339112","4,192221938","-3,2370007483","-3,9167829726","2,4504359602","-2,2343551415","0,5342355493","1,531689626","-0,1740844448","1,5466140507",FAUX,,,"4299,0230769231","3009,1",strong
0007CDC91B,31,3,1,3,78,FAUX,"31,69","30,96","-0,73",3,"8,8",3,"8,9666666667","0,661767711","-2,1161849489","-0,1871771874","0,35",3,"0,25","-0,3848748034","0,4311190114","-0,0221295372","-1,1618730837","9,5481177634","-1,1336415877","7,0468222656","-1,6711824498","-0,1867113278","0,7803663901","0,6050674788","-0,3808323874","-2,3083101223","9189,1282051282","1,6414096732","0,105727225","1,6826013555","0,1685531965","-3,3844324621","-3,0951868024","-0,7375364946","-1,1921628399","-0,9564734791","0,2470694822","-0,0130093295",FAUX,,,"3005,4666666667","9189,1282051282",strong
0007CDDBAF,32,3,2,9,61,FAUX,"32,41","31,72","-0,69",10,"-18,9380952381",1,"10,4416666667","0,2327857202","-1,6159960769","0,376950569","0,5","0,4","0,9090909091","-1,0563210936","0,9249415861","-2,0323660946","-0,0054337464","1,7841262355","0,9677561034","-0,6747116034","1,7313850653","1,0118457997","-0,9399660788","-0,3221448617","-1,2390614101","3,6950751688","13468,9743589744","1,8848312906","0,1131266538","5,5563192618","-0,8235822704","-2,8953706662","0,9546511301","-0,8016723479","0,2294120041","0,1441588422","0,3335891066","0,0887842673",VRAI,,,"1551,2523809524","13468,9743589744",strong
0007CD86B3,26,3,1,7,78,FAUX,"32,71","32,56","-0,15",2,"8,9547619048",2,"9,5916666667","1,7981099396","-1,4600362818","0,0381799935","0,45","2,5","0,5","-0,4458550412","0,3761706926","-1,8719214839","-0,0096730187","0,559696708","1,6391159931","-0,1898237778","2,4499327202","-4,4200526214","-1,3042305992","-0,9301444907","0,7436439765","0,2521464603","11803,2717948718","1,3804769539","0,1549455214","5,496135534","2,8667390597","-2,0478123284","-1,4211751131","-0,0867072378","-0,3501622776","-1,3270340558","0,7299191251","-0,4763545025",VRAI,,,"12572,8333333333","11803,2717948718",strong
0007CD7FB2,24,3,1,2,63,VRAI,"34,07","33,52","-0,55",7,"-1,9166666667",8,"-7,2583333333","-6,5195405995","-0,163316442","-0,2321768624","0,6",1,1,"0,5536030659","0,789088884","-1,1623495771","0,1828214179","-0,4156506495","4,1273883758","0,6738640084","0,5889725793","-2,5328068355","-0,1065289231","0,2359115641","-0,6647785591","1,95202405",,,,,,,,,,,,,FAUX,,,"5581,4880952381",,strong
0007CDC395,29,3,1,5,63,VRAI,"34,19","32,36","-1,83",5,"3,1071428571",9,"-10,625","-6,2144541025","0,3685594687","-0,2453420036","0,45","0,7777777778","0,9","0,1203511977","0,3929431501","-2,5306348134","-0,7069712393","4,2806064871","2,3224579837","-0,9914781416","-0,5587205725","0,5680750829","-0,8926409017","1,5297409111","-0,7426313258","1,6958273808","5224,6564102564","2,1870971113","0,1193271941","4,3426460151","-2,3523023265","-2,2053705878","-0,6157653857","-0,424381517","-1,5366809349","0,6587532446","-0,9554572181","-0,8540873599",FAUX,,,"4744,2023809524","5224,6564102564",strong
0007CB0942,5,3,2,1,59,FAUX,"34,47","36,17","1,7",9,"-14,1761904762",7,"-5,5916666667","-3,0019534618","-1,5089719568","-1,1484319906","0,45","0,9090909091","0,8181818182","1,9121792592","0,5497289831","0,5651229906","-1,3145802622","-0,8854663737","0,1100288488","-0,4576348593","-0,0708475817","-0,0142179057","-0,3107071208","0,6027922472","-0,6018536515","0,3906270194","2623,5846153846","1,6473269223","0,0589309205","-12,570166362","-0,3726762842","2,9390939132","-0,2700920894","-3,6674813317","-1,4342827362","-2,0652306343","-1,8378947291","-0,3804751605",FAUX,,,"5214,5023809524","2623,5846153846",strong
0007CD38E5,18,3,1,10,59,FAUX,"35,51","33,64","-1,87",4,"5,4904761905",5,"6,7","2,5722900085","-3,0134684755","0,1781924944","0,35","0,5","0,75","-1,0579409788","0,1868820649","-0,6475312722","-0,2711879077","0,2396664582","0,6872319712","0,2838293407","3,0645009569","0,1841057669","-0,4674531648","-2,1293640484","-0,1156368817","1,4943818054","8245,3025641026","1,4881475354","0,1531131323","6,6260461533","0,9612753583","-1,4224400218","1,4415520816","-1,8863178227","1,0337534428","0,1486552017","0,5036560012","-1,8324956062",FAUX,,,"6103,0928571429","8245,3025641026",strong
0007CD81D3,25,3,1,8,59,FAUX,"37,51","33,42","-4,09",1,"17,4166666667",4,"7,0833333333","0,7770472238","-1,4362298386","-0,6849308517","0,35","1,1428571429","0,5714285714","0,6490699193","-0,0060034675","0,3716592426","0,564908923","2,6016473578","0,6884790243","-2,1549462958","-0,4159145328","-0,3655544928","-1,105625683","1,4576790124","2,6725783725","0,3625605579","10424,417948718","2,0491031017","0,165997831","4,2105768819","4,2976034297","-2,3127659748","-1,4901823477","-0,5545382637","-1,1335276291","-1,6573708021","1,3976824617","0,36820732",VRAI,,,"249,0916666667","10424,417948718",strong
0007CD765E,22,4,2,5,62,FAUX,"30,89","27,91","-2,98",7,"-7,9595238095",6,"-4,6744047619","-3,9375810045","-2,0357098694","-0,2612130398","0,4","1,25",1,"0,5210482995","-0,4196335906","0,3502786687","-0,1491407477","-3,3015117589","0,3306746388","1,8443019717","1,8301630381","-0,2568701325","0,0536034818","-2,7129341557","-1,2914207003","-0,1780843684","743,9025641026","2,9403607115","0,1278358759","-2,0724741457","-4,8818582968","-0,5732794008","4,4321764073","0,4313506975","-0,489835356","-1,0136491152","2,8254514339","-0,4602472126",FAUX,,,"103,6444444444","743,9025641026",strong
0007ABF555,1,4,1,1,62,VRAI,"32,48","30,89","-1,59",9,"-13,0714285714",3,"10,3870778612","1,5961276789","-0,3728344217","0,3771462129","0,4","1,1428571429","0,875","-1,0638257151","0,1572614438","-1,7434514992","0,4742354134","-3,1997097978","2,5060873476","0,315645296","0,9874431573","1,6173015112","1,5683713874","0,4082861022","-2,5860749011","-0,3956146222","3224,6666666667","1,5166521997","0,0839546127","2,0946742844","-0,2841422448","0,2688776719","0,1188178707","0,762418023","-0,2241849482","-0,7072778452","0,7162909019","1,0998529621",FAUX,,,"306,6472222222","3224,6666666667",strong
0007ACA781,3,4,1,10,79,FAUX,"32,69","31,11","-1,58",8,"-12,8333333333",7,"-6,8413729128","2,284215475","0,3666688695","-0,3081463054","0,4",1,"1,1428571429","0,3350013261","-0,5660409521","-2,3935835201","-0,7594353395","-1,2810628249","-0,6509787986","-2,1613937227","-0,8984373116","-1,112629243","-0,2420068354","1,1299256132","-0,034002699","0,7708871653","5363,1820512821","1,5864488268","0,1027848469","-0,7589951135","1,4866651645","5,3614234182","0,756799614","1,5462775203","1,1156215625","-2,3040091678","-0,1853420642","-0,289746374",VRAI,,,"2521,9555555556","5363,1820512821",strong
0007CB7051,17,4,2,4,61,FAUX,"32,78","33,79","1,01",2,"11,2142857143",4,"6,1689961838","1,2044858647","0,8501011074","0,7417662903","0,4","1,375",1,"-1,9025361355","-0,2571254078","-1,7099505717","-0,0782469925","-6,3667877752","-0,8226516132","0,6788665267","-0,8627725793","0,3661406174","0,1344009097","0,5494098856","-2,8178132975","-0,750146481","6550,6307692308","1,3545295878","0,102392958","3,6261823617","3,0951967365","0,6363215203","-0,4652570385","-1,4483010206","1,2814682653","-0,5698705574","1,005674939","0,8411638895",VRAI,,,"1129,1305555556","6550,6307692308",strong
0007AC2B02,2,4,2,2,60,FAUX,"33,03","33,92","0,89",3,"7,75",2,"12,2858741259","1,9305164445","-0,8511587363","0,6504873445","0,35","0,8571428571","1,1666666667","-1,7767945219","-0,3470561948","-2,2483731521","0,311521096","-8,0954356912","0,1416014401","1,5291512195","-0,9576883918","0,0256488748","1,8632372308","-1,0735113372","-0,3849830214","-1,310479615","5069,5333333333","0,9910228875","0,1239733794","-0,9738444383","2,6037545288","1,517901453","-2,5035165207","-0,0467016191","3,9383884574","0,28077957","-0,1657526535","2,4213295007",FAUX,,,"1295,5555555556","5069,5333333333",strong
0007CDEAA7,35,4,2,7,60,FAUX,"35,07","33,11","-1,96",10,"-16,3166666667",9,"-13,8285714286","1,6094788116","0,2649891136","-0,2338183933","0,4","0,8888888889","1,125","0,3603852661","-0,2289036268","1,3938229721","0,1351834513","-8,1775009313","-5,5848451868","0,3793175039","-0,8261648519","-0,5018814604","0,5583472148","-2,1753838851","-0,5194614037","-0,819392678","3444,7666666667","1,3156429998","0,10060374","-6,5127884019","3,243520241","3,0457382621","0,9816287992","1,1817047935","0,5991878321","-0,6718373123","1,0558616184","2,3927825936",FAUX,,,"2111,8904761905","3444,7666666667",strong
0007CB2224,6,4,2,9,62,FAUX,"35,46","34,21","-1,25",6,"0,9333333333",10,"-15,0275227821","-1,4624562492","-1,0986117485","0,4524788157","0,15",1,1,"-2,4495284538","-5,377020307","-0,4088344282","-0,3295658602","-2,1872338432","3,0100092176","1,0177991191","0,9707035351","1,0691138152","1,6826638955","1,0275842177","-3,1322902649","-1,3277453499","1788,9128205128","1,4600521192","0,0793606201","-2,2533884003","-3,1055394145","0,9429707935","0,1527843746","0,2222798427","1,0251985826","-0,8049436203","0,1936741464","1,3690578251",FAUX,,,"2194,0714285714","1788,9128205128",strong
0007CDC443,30,4,2,6,60,FAUX,"37,22","35,72","-1,5",5,"5,6833333333",5,"4,6965903812","-2,5836904923","-2,9825590606","0,6960118507","0,4","1,2857142857","0,875","-1,5117594706","-0,403082545","-3,6612292523","-0,019175353","-7,7988052885","-4,6390270361","-0,235722698","-1,1790072227","-1,5904978894","0,4830204378","-0,713977347","-0,5828287938","-0,5660610994","3598,317948718","1,9304137596","0,1155696679","0,7463493127","-0,0526106092","0,5121456214","-0,7324030311","0,1585332686","0,8210519656","0,743442787","-0,2287012182","3,7644763729",FAUX,,,"3316,6595238095","3598,317948718",strong
0007CDADED,28,4,2,8,60,FAUX,"37,41","35,15","-2,26",4,"6,1666666667",8,"-10,6904761905","-1,2244820399","-1,1360114276","0,7149260075","0,4",1,"1,2857142857","-1,9800933445","0,1284790084","-1,38400368","0,3834405851","-8,2017704184","-1,2872351621","0,6703875731","-0,8421393975","-0,1343907657","1,2914402708","-1,3800946537","-0,0037451609","-0,2312523549","4299,0230769231","2,0855304404","0,0962311652","5,0134314183","-1,6604813391","-0,3678184852","1,9919023771","0,5532441842","0,1745348286","0,6416613363","1,9286046666","2,6884802587",FAUX,,,"1514,2714285714","4299,0230769231",strong
0007CD6778,20,4,2,2,62,VRAI,"38,56","35,79","-2,77",1,"18,4333333333",1,"17,5238095238","-0,0684671686","-3,5656797623","0,5617395505","0,35",1,1,"-1,5633903397","0,0717305767","-2,0473444871","0,5488017728","-5,6968909345","-0,5063874822","1,324837156","-0,1043543381","2,6032729663","1,3593479522","-2,678554967","-0,597753999","-0,3975124496","2882,0794871795","1,4914872741","0,0963620463","1,7126216972","-1,89098677","2,4716902397","0,217013443","-0,5914984298","2,9711028628","-0,2837884843","-0,4502726886","-0,0389668107",FAUX,,,"1078,5071428571","2882,0794871795",weak
0007CE0327,38,5,2,6,81,FAUX,"28,41","29,13","0,72",9,"-21,6111111111",7,"-2,4992063492","1,4147448522","0,6217905251","-0,3354348049","0,3",1,1,"0,1607133343","0,0758946269","-1,5864616765","-0,9030724962","-0,8170284493","-1,8646812096","-0,7346398155","0,5127654758","2,2232965027","-0,7703798493","-1,4743096665","0,3208549767","-0,0245464256","3005,4666666667","3,5434564643","0,093508971","1,2383637741","-5,6529195189","-2,2494748278","-1,2852205304","-0,6544761078","-1,3407145551","1,2908757481","-0,0784861347","0,9364532002",FAUX,,,"3469,1222222222","3005,4666666667",strong
0007CDEC0B,36,5,2,2,81,FAUX,"31,29","30,86","-0,43",3,"12,9166666667",1,"10,8576097106","2,645489816","0,7451419813","-1,6666337564","0,55","0,9090909091","1,1","3,8120283266","-0,3416532288","3,0706529941","-1,7551054399","2,4160576088","-2,0926552846","0,2388429037","-2,7468739249","3,168420111","-0,3336542768","-0,4958534204","3,4352976758","-3,0559165392","1551,2523809524","1,2173815427","0,1079818764","-10,3498052446","0,196280912","-0,0435616488","-0,9847305433","-3,8116040112","2,0666651365","-0,0349811845","-0,6023818681","-0,9850741443",FAUX,,,"5640,9488888889","1551,2523809524",strong
0007CDDBAF,32,5,3,9,64,FAUX,"31,31","32,86","1,55",7,"-3,7",6,"-1,0569703244","2,1180369733","1,2876910664","-0,844372644","0,5","0,7142857143","1,0769230769","2,3487812805","0,1227052804","-3,2919539951","-0,6118990722","-0,469660933","-1,5070800561","0,7700695085","0,7557208116","2,3348817319","-1,1565082097","-0,4433839391","-4,1644334495","1,0460827804","12572,8333333333","1,8438824265","0,0944420983","5,4696837016","-1,1887117284","-0,8443514086","-1,3937263083","0,5802031607","-0,0437350983","0,2949369021","-0,5946849876","0,6415073018",FAUX,,,"743,4844444444","12572,8333333333",strong
0007CDE223,33,5,2,4,81,FAUX,"31,39","31,64","0,25",6,"-3,6643939394",2,"10,8150866525","2,0775184121","1,9776246897","-0,9998846342","0,35","0,875","1,1666666667","1,0702000391","0,4695627463","2,3918255144","0,13086483","7,5160314472","0,399264282","-1,6936207589","-0,4553896435","-1,2493391098","2,5368266479","2,755344856","-0,0506276445","-2,3927579117","4716,580952381","1,0941221742","0,1912371956","4,3825235833","1,442785717","-0,8931671212","-2,6724436973","-0,9924062448","0,565429459","-0,47436432","1,0433851732","-1,7775359249",VRAI,,,,"4716,580952381",strong
0007CDEEE2,37,5,2,8,81,FAUX,"31,82","31,13","-0,69",4,"6,9431818182",3,"4,2987468672","2,0448298775","1,761709335","-0,7190648658","0,6","0,8571428571",1,"1,4827479965","-0,3461339706","2,7631777851","0,3245019496","2,6122488972","-1,9127001492","-0,1187989367","2,8132594583","1,5740076491","-2,1478937992","-1,9124779297","-0,4503112948","-1,0214358523","5581,4880952381","1,229779023","0,1443189114","0,6789995283","2,6833408652","3,8387272325","4,3801215807","-1,6279057805","0,4714762477","-0,463322198","4,0668536076","-0,0784712396",FAUX,,,,"5581,4880952381",strong
0007CD77C5,23,5,2,10,64,VRAI,"32,59","34,18","1,59",1,"28,15",4,"3,7386035791","2,240921307","1,2804767657","0,7075490386","0,3","1,2","0,8333333333","-1,9906144207","-0,0331229508","-2,0477212417","-0,8248491503","8,8139243007","-2,5690797187","7,2892659171","-0,8128885498","0,294201968","-0,2180262608","-0,9975798284","0,4493224043","0,579724915","7560,2595238095","1,5344892271","0,1383868468","6,4780556713","-0,6187982797","0,0145019916","-1,9236940531","1,069399197","0,0563917648","0,5474261647","-0,8707677319","-0,7176826166",FAUX,,,,"7560,2595238095",strong
0007CB3491,9,5,2,3,62,FAUX,"32,79","32,29","-0,5",5,"0,3800505051",8,"-5,9199134199","0,5558824296","0,4463741221","-1,3027938863","0,35",1,1,"1,8899087447","0,3626126326","1,7580086158","-1,4753827759","5,0134555469","-1,4632618849","-1,4232332087","-3,3635737037","-1,8737026898","-0,9844665537","2,5128879481","3,6065098377","-2,3333968218","4744,2023809524","1,3462541634","0,1305493171","4,6716534701","-0,7209822518","-0,8388851396","-1,2972279231","-0,983957437","0,2730964539","0,2687377438","0,189041246","-1,3960209519",FAUX,,,,"4744,2023809524",strong
0007CB0942,5,5,3,1,62,FAUX,"34,51","32,81","-1,7",10,"-23,1143939394",10,"-13,0331002331","-1,6102420084","-0,6403007619","-1,27499432","0,4",1,1,"3,2539577211","-0,4421260922","2,9414360294","-1,7141469327","-0,2552830516","-1,4798747381","1,2442194071","0,0081382565","1,6837645702","-2,4388054508","-1,5621911202","-0,0372345536","-4,0142315897","5214,5023809524","1,5827726603","0,0963370928","-0,5005100686","-2,1820870677","0,7376770757","-3,0631938462","-0,880375712","-1,669290994","-0,9426108829","0,3295524511","0,9762635434",FAUX,,,,"5214,5023809524",strong
0007CD72E3,21,5,1,7,81,FAUX,"35,94","34,91","-1,03",8,"-15,6166666667",9,"-7,2347985348","1,499300817","1,7330023783","-0,8849623117","0,35","0,25","1,1428571429","0,8285482775","0,3693251389","0,2703664867","-1,1589657326","4,3714954176","0,55592965","-1,0919295591","-1,8545882892","-2,4312058941","-2,1385824124","4,3427912229","1,1179515329","-1,6318986968","6103,0928571429","1,0787923519","0,1311481805","0,7805569015","1,6956051843","-1,7317721012","-4,6532633664","0,3980419383","-1,5119106819","-0,4086296141","0,4936505075","0,1458069106",FAUX,,,,"6103,0928571429",strong
0007CB4837,14,5,2,5,62,VRAI,"36,62","34,64","-1,98",2,"19,3166666667",5,"0,0339420521","-2,3872474885","-1,2774911448","-0,7299120703","0,3","1,1428571429","1,2","0,6781322918","0,4222736689","3,433548841","0,0639369258","14,1495921372","-3,6748209107","4,833695856","-0,5825477991","-1,3565622001","3,5412535824","1,1085835939","1,413542839","-3,5582722078","1718,5166666667","1,3887423797","0,0912885836","-9,503080994","0,2496295651","1,9106126258","-1,1124887432","-1,6244106263","0,2456533735","-1,1874042496","-0,0917379274","-3,1226968601",FAUX,,,,"1718,5166666667",strong
0007CDAD6B,27,6,2,1,91,FAUX,"27,82","28,56","0,74",9,"-14,7333333333",10,"-25,538172043","1,5589509337","1,9622349431","-1,1368451697","0,3","0,8571428571","0,8571428571","2,9887575577","-0,9722017217","0,1038955084","-1,1665540995","2,5747880169","-5,2110566708","-3,0427454419","1,7122729988","-0,1610270172","2,0767424976","-0,336279201","-0,4356555858","-2,3401142884","249,0916666667","1,2709622067","0,0698091956","-3,7553206168","-2,363572188","-5,1396800236","-2,9844588224","5,6597543467","0,2593921291","-2,1091490754","-1,4996236987","-5,6781626814",FAUX,,,,"249,0916666667",strong
0007CB6AB4,16,6,2,2,73,FAUX,"29,18","28,92","-0,26",5,"-7,6666666667",1,"23,0112581674","2,2468789472","2,2296379913","0,3438162467","0,4",3,"0,8888888889","-0,8939312283","0,1949369999","0,0566876433","-0,1809499513","-5,3223537045","2,1328435406","1,2335171731","-2,0404166637","1,0189456935","1,9399745607","1,1506332118","-0,8159648792","-1,3754362829","5040,5138888889","1,5087706071","0,0899467371","1,6621394706","4,2523525358","-2,4669853014","0,3434257757","1,8305238474","3,047525315","2,2198351793","0,9944106957","0,1072388376",VRAI,,,,"5040,5138888889",strong
0007CDE4F0,34,6,2,10,75,VRAI,"30,01","29,52","-0,49",10,"-17,9",3,"12,0192640693","2,1437435538","0,69228497","0,5790326432","0,35",1,"1,1666666667","-1,3468873891","0,0747209582","-1,9818985087","0,4325081483","-4,5482321127","-1,3838480128","1,2218387623","0,3664820915","0,0630802235","0,4846147672","-2,4237014311","0,0033685146","-0,5823626216","1994,8555555556","3,2143665112","0,1111943499","-4,7643156922","0,1850615216","-2,5731144541","-1,9791537542","2,1105153258","1,1478355247","1,803890675","-2,6679716841","3,5262671468",FAUX,,,,"1994,8555555556",weak
0007CD765E,22,6,3,5,75,FAUX,"31,39","30,82","-0,57",4,"-0,1666666667",8,"-14,8557922584","-1,0554920106","0,3498494688","-0,9395846845","0,45","0,9",1,"2,3538356818","-0,8356392433","-0,0387686702","-1,1518364296","6,0421812386","-4,59988903","-1,9528045424","0,58717646","0,7086941551","3,5308501878","-0,598000502","-0,2311295915","-2,4373888813","103,6444444444","1,9526436777","0,2328473413","-4,5434270017","-5,0355012133","-3,2596467359","5,8298972172","2,9627096471","1,8910907483","1,1583761788","0,8772491271","-3,4173949814",FAUX,,,,"103,6444444444",strong
0007CD5116,19,6,3,3,74,FAUX,"31,61","31,88","0,27",8,-14,9,"-19,0428571429","0,0371445945","1,0554275043","0,5725108903","0,35",2,1,"-1,8404309355","0,237611718","1,2237285116","3,2910553971","-6,025767116","-0,683889484","2,4866846631","-0,7576201799","-0,3628034131","0,4628676823","-2,3429670944","-1,0781765213","-1,3348533513","306,6472222222","1,9264389451","0,1305064633","-2,7664663727","-5,0590218361","0,3882309159","2,918759377","3,335168231","3,2380361447","1,6190092011","-0,1936083681","-1,1165572574",FAUX,,,,"306,6472222222",strong
0007CD86B3,26,6,3,7,91,FAUX,"32,58","32,46","-0,12",1,"31,25",7,"-10,1158869396","1,6966467404","1,4905746514","-0,1856063069","0,35",1,2,"-0,0418308872","-0,2143391178","-0,1690524782","-0,0909192674","-4,1671602576","-2,9813539527","-1,5696935922","0,8001053035","2,0445815488","1,7968337824","-3,8122360523","-1,4737783821","-1,4808519599","2521,9555555556","1,285936014","0,1336011296","-0,1979418203","1,4340619655","4,8199365588","-0,594874937","6,1935269146","1,5336591336","0,7199963452","-1,3376031337","-0,3342382376",FAUX,,,,"2521,9555555556",strong
0007CDC395,29,6,2,9,77,VRAI,"32,67","31,88","-0,79",2,"26,8333333333",5,"5,3256836659","2,8895147126","0,9357006044","0,3246909545","0,35","0,6","0,5714285714","-1,0182257489","0,0598877071","-1,4793723406","0,1101446899","-5,8631855442","-3,2201726291","1,0294616159","-0,7313128785","0,7964035502","-0,6138042928","-1,1508592181","-2,4701377388","-1,8059858524","2591,1277777778","1,9343421657","0,108921898","2,5043570019","1,7642052243","0,4669190087","-0,2184132191","2,6721778963","-1,2566000403","3,0999936978","-2,1682393465","1,2774778728",FAUX,,,,"2591,1277777778",strong
0007CB7051,17,6,3,4,74,FAUX,"33,63","33,82","0,19",3,"16,75",2,"19,5669570267","2,275446221","0,8646614372","0,2869257495","0,4",1,"1,1428571429","-0,9608624267","0,1030319804","-2,7572816796","0,2168742229","-2,1192734142","-2,0760375531","0,1575671095","0,7669873039","0,594654163","-0,2378644893","-0,4661324979","-3,2846339487","-2,2861477712","1654,2888888889","1,4383445242","0,1316006878","4,884209181","2,3391808286","1,7576520857","3,0479929593","-1,4216671679","2,9803954428","2,3522247297","-2,8188262342","-2,37859897",VRAI,,,,"1654,2888888889",strong
0007CDC443,30,6,3,6,73,FAUX,"34,07","33,26","-0,81",7,"-11,5",6,"3,9106060606","0,191592798","-0,7059786207","0,7041513825","0,35","1,1428571429","1,1428571429","-1,6320985464","-0,2396780664","-4,1136055889","-0,1137668146","-7,7692477876","-1,52756773","0,7782597144","-2,0688694017","-1,0651040152","1,1207559253","0,7020885669","-2,2472874889","-1,928628615","1129,1305555556","2,0514095865","0,0904260161","-9,4132648092","1,5428655331","-2,8710041037","-0,9626276702","5,3237829149","-2,1451246991","-0,7018218804","1,4036347504","-1,5271317092",FAUX,,,,"1129,1305555556",strong
0007CDADED,28,6,3,8,73,FAUX,"36,98","34,87","-2,11",6,"-8,8666666667",4,"5,7189393939","0,8688649035","-1,2513635338","-0,046662822","0,35",1,"1,1666666667","-0,4721983794","0,29336246","-2,6939553891","0,2597424246","-4,2372338897","-1,6737474228","-1,9995006093","-1,9992209936","-2,4853080698","0,204479747","2,5052836589","1,7678356974","0,3077088312","1295,5555555556","3,0620337191","0,1281303602","-7,8668136918","1,5150965594","-0,066994013","1,0272301818","4,3087427828","-0,7586888799","0,6799011556","0,8854168302","-0,2825784367",FAUX,,,,"1295,5555555556",strong
0007CE0327,38,7,3,6,85,FAUX,"29,61","28,63","-0,98",4,"2,7051948052",5,"1,9285714286","-0,04148834","0,5314100174","-0,1571745929","0,3","0,5","0,8571428571","-0,0914845294","0,1659478641","1,0461715687","-0,0504070995","0,0810051739","-1,7141130041","0,1217915608","2,8648341219","0,6693348812","-1,2129731588","-3,8067247167","2,7332364694","-0,5497919234","2111,8904761905","2,6900147858","0,2303397768","-3,7779128782","-0,4465131509","-3,5823868061","3,0413785404","1,6782353348","-1,9018785009","2,5171135297","3,0170898868","1,800774728",FAUX,,,,"2111,8904761905",strong
0007CDEEE2,37,7,3,8,85,FAUX,"30,45","30,25","-0,2",3,6,3,"16,103788884","1,8703161981","0,055191814","-0,1129131601","0,5","1,1428571429","0,7","-0,7670165806","-0,7217358084","1,0118162453","0,4659848323","-0,6213665287","0,3682779251","0,4074944622","1,0992717417","2,2130955474","-1,3501687627","-1,8754634717","2,1057425422","-0,8174596948","2194,0714285714","1,600839165","0,2778928064","0,8173724116","-1,9907033341","0,8061612659","1,8611879924","1,6394238816","-0,8348687113","3,4769808266","-0,7799233784","1,5695172951",FAUX,,,,"2194,0714285714",strong
0007ACA781,3,7,2,10,85,FAUX,"31,38","30,83","-0,55",8,"-13,4",8,"-12,6666666667","0,2985363258","0,3097592733","-0,5735783586","0,45",1,"0,75","0,8076721697","0,6540820483","-1,5920314052","-0,9235997607","4,6079566357","-1,2552472882","-1,0137654459","2,5424925779","-0,1457479626","-3,2510921751","-1,6383246133","1,0706568568","2,2617153455","3316,6595238095","1,6564738536","0,1789795671","-4,681333146","1,5713115968","3,6558890539","1,5381715029","1,6736963845","1,9110818353","1,1681228569","-1,653367669","0,7559386936",FAUX,,,,"3316,6595238095",strong
0007ABF555,1,7,2,1,68,VRAI,"31,61","30,06","-1,55",9,"-17,75",2,"16,5952380952","2,052225563","-1,0653029946","-1,0078805185","0,65","1,3076923077","0,75","2,664158697","1,5258417017","0,6734750075","-1,2191729257","3,0162816135","-0,0620530539","-2,6942646263","2,7986012529","-2,8250475626","1,7143202904","-0,3615876168","-0,6975046967","1,4875558308","1795,6047619048","1,6823971196","0,205390411","2,0019706847","3,2698107656","-1,2487550332","1,581771255","0,0470184159","0,4419434124","2,2665852282","1,9748660885","-2,086760894",FAUX,,,,"1795,6047619048",strong
0007CD7FB2,24,7,2,2,70,VRAI,"33,79","33,27","-0,52",6,"-8,0176767677",10,"-19,0352836523","-1,1764469425","-0,1079750261","-1,3531074576","0,5",1,"0,9090909091","3,4015385343","0,0454164569","1,7253476439","-1,6465276881","8,6972355475","-4,0968821143","1,6616388507","-2,4739876328","0,8315039209","0,2490681469","1,7368227051","0,5009204713","-0,0830449173","3228,4166666667","1,9773872601","0,1850125559","-1,2423876356","0,160282903","-3,8145686825","-3,3757952352","1,7941269423","0,7107218363","1,9898377414","1,0925914275","4,0065984348",FAUX,,,,"3228,4166666667",strong
0007CD81D3,25,7,2,5,66,FAUX,"34,29","33,05","-1,24",1,"39,1904761905",1,"19,134088418","1,6964923486","0,7671234583","0,1042529169","0,3",1,2,"-0,7678120514","-0,3205560007","0,3219710724","0,1152399804","-3,9106234888","-1,7007372762","-1,8152509637","1,2581278918","0,9942632793","0,8170240882","-2,5870144142","1,7705820125","1,5129647894","2557,980952381","1,4749352815","0,2313869197","3,727544629","1,2141010513","-1,891237697","-2,7204240973","1,9089460121","1,6038137997","0,6460453724","0,8697930574","-2,3259443876",VRAI,,,,"2557,980952381",strong
0007CDEAA7,35,7,3,7,66,FAUX,"34,37","32,84","-1,53",10,"-30,4047619048",7,"-7,6007598428","-1,1870928642","-0,1875193641","-0,2834743963","0,3","1,4285714286","1,1666666667","-0,8158582238","1,643730234","1,2099297115","0,0402315737","1,1273682722","2,7846366115","-0,6905759573","1,2079949529","1,2921650968","-0,7816701391","0,2570763719","0,2196405967","0,6328401168","1514,2714285714","1,2954395744","0,2128935179","-6,3240217881","1,5717880642","0,8527314736","0,1036330459","2,0923548037","0,7649737239","1,0700873844","0,9745806066","0,1783498986",FAUX,,,,"1514,2714285714",strong
0007CD72E3,21,7,2,3,85,FAUX,"34,39","32,72","-1,67",5,"-0,4065656566",4,"5,2179487179","2,3088156126","-0,0742338499","-0,2966380265","0,35",1,"2,5","-0,4768144045","0,0098438722","2,4126274962","0,3775299544","2,6811864779","2,5332111371","-0,8126947169","-1,0696077601","-1,2018864946","-1,3108366777","1,9080987005","0,4909692507","-0,2696830008","3109,9285714286","1,3385201327","0,2919459182","1,0430094542","5,4486650197","-1,4506686316","-1,718760457","4,6499008507","-1,7333549042","-0,7459586581","2,3170503029","-1,2703905026",VRAI,,,,"3109,9285714286",strong
0007CD38E5,18,7,2,4,66,FAUX,"34,85","34,78","-0,07",2,"31,3333333333",6,"-2,2424015725","1,1065890795","0,2695318147","-0,5194155387","0,25","0,5555555556","1,6","0,2996045164","0,010010863","1,3685139789","0,3660226842","1,484115297","-2,6274590542","-1,409901796","0,3038025875","-2,1220255852","-1,3734654083","0,5622713371","0,6478666226","0,0045027567","2836,9380952381","1,3025544498","0,2348373582","5,3425845738","0,7746399797","1,1444154939","2,608380011","-0,2327333464","0,3401397299","2,5550623486","-0,5205259394","-1,1819566351",VRAI,,,,"2836,9380952381",strong
0007CB2224,6,7,3,9,68,FAUX,"35,72","35,44","-0,28",7,"-9,25",9,"-17,4345238095","-2,9669905374","-0,0793642799","0,071504737","0,5","1,2222222222",1,"-0,3513774285","-0,239100378","0,924747702","0,3711834285","3,8901201338","0,6862256564","-0,4498752872","0,2782077079","1,553116651","-0,8132314735","0,5541102877","1,5078267426","0,5154533466","1078,5071428571","2,1805813737","0,2439416919","-4,2007534816","-2,5867390921","3,5428759603","2,7247204591","1,8099090435","-0,8312000708","2,3372155916","-2,8834221379","-0,5746869933",FAUX,,,,"1078,5071428571",strong
0007CA3A3A,4,8,1,6,68,FAUX,"25,47","23,07","-2,4",10,-37,10,-35,"-4,2405359162","4,8017897825","-0,1142969918","0,5",1,"1,5714285714","-0,0784180646","1,1491110404","0,8572324619","0,5371696464","-0,5826978871","3,3164149994","-0,1733737785","-2,2980608481","-0,2849560993","0,8681743628","3,6739405727","-0,2526110161","-0,522764501","3469,1222222222","1,246424265","0,2014470519","-2,7436127292","-1,4848379675","-0,138200871","-0,9838819929","-1,2104286727","4,804449861","-2,8005900538","0,8272744185","2,292638682",FAUX,,,,"3469,1222222222",strong
0007CB30A6,8,8,1,8,72,VRAI,"30,41","30,11","-0,3",5,"-1,2819444444",9,"-22,5333333333","-5,2419844685","2,5535876045","0,000936765","0,4",1,1,"-0,3530062423","0,2807017344","-0,5103184936","0,5463324252","2,4583899581","2,8130030901","-0,4459995764","0,384549424","-0,4473815021","-1,458812423","1,3060629775","2,2834120849","0,5041079723","2795,94","1,0823892766","0,1518797494","4,0481694581","-3,1033092432","1,9063238469","-0,3606185869","-0,9422421941","3,6836110379","-1,5019970268","-0,3537950932","-0,7769915146",FAUX,,,,"2795,94",weak
0007CDEC0B,36,8,3,2,87,FAUX,"31,56","30,48","-1,08",4,"3,6111111111",2,"19,0357980255","1,9894389128","-0,3892906241","-0,7966668248","0,4",1,"1,1428571429","2,2087547898","-0,8247815485","0,118096366","-1,1150015328","-1,9817394078","-0,8808591892","-1,4179678342","1,6198153133","-2,8207128515","0,3190329382","-0,2782555583","-0,1356733838","1,8881513234","5640,9488888889","1,1860933256","0,2041295653","5,0597945508","-3,1129752122","4,735914494","0,1495121731","1,6439217953","0,1335029837","-1,6948827436","-0,6058047935","0,7249486168",FAUX,,,,"5640,9488888889",strong
0007CB486D,15,8,1,5,71,VRAI,"31,92","30,56","-1,36",8,"-12,830952381",4,"14,7509157509","1,6915765532","0,3015560775","-0,3445916598","0,35","0,4285714286","1,1666666667","0,4919238787","0,4798384175","-1,793363842","-0,8109606278","2,9533551734","-1,0965840496","-3,31191715","0,2704909742","0,2898424467","2,5635570089","0,0525962766","1,2319631974","0,8065460399","9815,5644444445","1,0390123337","0,1269154386","5,3043641021","-1,4380178982","3,0378462648","-0,970562983","1,4810899488","0,8865563626","-1,8990071512","-0,0071245357","0,088543921",FAUX,,,,"9815,5644444445",strong
0007CDDBAF,32,8,4,9,70,FAUX,"32,51","31,55","-0,96",2,"22,875",5,"9,5748663102","1,7837019271","0,7920211016","0,9850190733","0,65","1,1","0,7692307692","-2,0598950275","0,0170103303","-0,8091659437","2,8771278372","-7,641708602","0,7459848152","0,6004728795","-0,2681623193","0,4185152148","0,9609732031","-0,9668560716","-1,0728772134","2,6503995547","10464,9244444444","1,7130727203","0,1356463581","2,5746797721","-0,0350546623","2,4958588166","-0,6139203436","1,573568177","-0,7206775106","-3,4103510708","0,9904590046","0,826055634",VRAI,,,,"10464,9244444444",strong
0007CD5116,19,8,2,3,69,FAUX,"32,67","32,69","0,02",9,"-19,5279761905",8,"-19,3333333333","-1,6941680788","0,7940849162","0,6027876053","0,35","2,3333333333","0,4285714286","-2,1058809303","-0,6605284268","1,1123092742","3,3432068462","-7,4070690003","0,759620955","0,3106898892","-1,3509111314","-0,5196295372","1,7932086062","-0,7781082611","0,1978166271","1,1928824501","743,4844444444","3,2267829327","0,127863394","-0,9494091963","-7,1819854724","-3,0492042677","4,1068949025","-1,0471293776","0,7674974901","-2,024214273","1,9648616844","0,3080056829",FAUX,,,,"743,4844444444",strong
0007CD86B3,26,8,2,7,87,FAUX,"32,68","32,53","-0,15",1,"30,2380952381",6,"3,0413961039","0,953388419","0,1884639621","-0,0752976927","0,35","1,1666666667","1,1666666667","-0,24032409","-0,0624486284","0,2204906678","0,3411713659","-2,9037388133","-2,506854638","-1,2926956933","0,275537487","-1,4867346178","0,965878009","-1,3064162172","0,1058522497","-0,1849197238","6908,9555555556","1,0237832571","0,1948681743","6,2859504557","-1,9136556296","3,5491715287","0,0997574224","1,4910468641","-0,6093708662","-2,1355020041","-0,1297581755","0,1475676619",VRAI,,,,"6908,9555555556",strong
0007CDC91B,31,8,2,10,87,FAUX,"32,73","32,2","-0,53",7,"-3,75",1,"22,1619047619","1,4636225237","0,9838432057","-0,0678821007","0,3","0,4285714286","1,75","-0,4287307971","0,2089389709","1,4428554515","0,5921531955","-0,260025617","-1,0567295037","-1,1605889103","0,649030415","1,8062665635","-0,9272002313","0,506578552","-2,0109866338","2,4693359069","6514,5688888889","1,2715983768","0,1510371966","3,5303096682","-0,1740937366","0,1913326891","1,6376436959","0,4689135274","2,2810517392","-4,6324035222","3,0733619699","-1,2059324789",FAUX,,,,"6514,5688888889",strong
0007CDE223,33,8,3,4,87,FAUX,"33,11","32,68","-0,43",3,"21,1666666667",3,"15,168452381","2,6561285472","0,9871647133","-0,6960531891","0,3",1,3,"0,9130199029","0,0192623869","-0,8155235271","-0,9901642399","1,1309051686","0,6141327285","-0,897639149","0,6143513414","-1,6416565361","0,0699919827","0,6340862487","-1,3667599609","0,6335208695","6749,2688888889","1,0893889136","0,1797251455","-4,1947679011","4,6838886092","1,6628290297","-1,4636101139","1,1558590481","1,9562460729","-1,7471024447","2,0794363898","3,2461244176",FAUX,,,,"6749,2688888889",strong
0007CB0942,5,8,4,1,68,FAUX,"34,24","34,2","-0,04",6,"-3,5",7,"-6,8666666667","-0,2231530644","-0,60987649","0,3200801549","0,15","0,8333333333",2,"-1,2307286919","0,234088372","0,1729765719","0,4415167098","-4,7349782153","2,2932043215","0,6850923476","-0,007449781","0,479258559","0,7875636326","-0,5170486479","1,5241238978","-0,1244816772","3767,9377777778","1,70801462","0,1298659096","-0,860818155","-3,6983206319","-1,0879049408","-0,4973430554","-0,1621604481","3,3309356556","-3,780702493","1,8819596863","1,2729098049",FAUX,,,,"3767,9377777778",strong
0007CB40DE,11,9,1,1,71,FAUX,"25,89","24,27","-1,62",10,"-24,2",8,"-11,2134541704","0,9640312216","1,4574479958","0,056527819","0,1","1,3333333333","0,8571428571","-1,2287662597","0,1603842713","2,6156790667","0,5925726919","1,2149824998","5,6538590813","-1,0342338472","-4,1454715064","-1,7229798996","-0,2757838001","5,0304084548","2,935337652","0,311370718","7582,6205128205","1,1960055434","0,0161939144","1,1689230152","9,7127513217","-1,5009045527","5,4595203677","-1,1852090734","1,3165049649","-2,1873775321","-3,2952024454","-0,6919688009",FAUX,,,,"7582,6205128205",strong
0007CB2302,7,9,1,10,71,VRAI,"28,67","29,09","0,42",9,"-20,2772727273",10,"-25,743884468","-5,2314844242","2,4499233821","-0,1036714922","0,95","0,5",,"-1,1443793773","2,4377921028","-0,8937116619","0,4522587694","2,9018184525","3,4245578113","-0,6810336868","-5,7261348024","0,7100292139","-1,5964414709","3,6688215374","2,8849869924","-0,3736372428",,,,,,,,,,,,,FAUX,,,,,strong
0007CE0327,38,9,4,6,90,FAUX,"29,14","28,76","-0,38",1,"17,469047619",4,"1,8727824463","1,3542046365","-0,3232005835","-0,5130638305","0,3",1,"1,2","0,4913852923","0,0791201434","0,0626043504","-1,1595755985","-1,0748881227","-1,5898786918","0,5984121572","0,208650571","0,4225080827","-2,9087738996","-0,6804194155","0,6071351897","0,4012030349",,,,,,,,,,,,,FAUX,,,,,strong
0007CB486D,15,9,2,3,74,VRAI,"30,16","30,41","0,25",8,"-14,3571428571",2,"16,3534798535","1,6997706406","1,5074282194","-0,6463341408","0,4","0,8333333333",1,"0,922165206","0,2903567859","0,022417301","0,2912861621","11,637483897","0,8560765925","0,8480420902","-1,2774976057","2,8546592079","4,7562108423","2,7572862333","-2,3011693168","2,2648970141","3717,9487179487","1,2574432449","0,0261993103","4,4550779604","2,2902351832","-2,4150489266","3,9628574036","-0,0037675311","0,2416642928","-4,3448512275","-4,7633407421","1,4460932885",FAUX,,,,"3717,9487179487",strong
0007CDEC0B,36,9,4,2,90,FAUX,"31,29","30,51","-0,78",4,"9,1909090909",1,"17,8602750191","1,7876432943","-0,4341727875","-1,7943932846","0,4","0,8888888889","0,8888888889","4,1059598351","-1,04829347","1,8872310542","-1,5812033341","3,3816173268","-0,3784627559","0,2306865063","1,4569362196","0,9859382289","-0,8511363122","-0,4976805207","-2,1042139071","-0,1818668553","2574,3435897436","1,4107204214","0,0309991892","0,9098671853","1,5890559202","-3,8393760957","6,1112990852","1,0415468583","-0,6658436056","-2,4083091924","-2,8594470021","3,2534535185",FAUX,,,,"2574,3435897436",strong
0007CDEEE2,37,9,4,8,90,FAUX,"31,51","30,24","-1,27",3,"11,7",6,"0,7196969697","2,1022339076","1,1287996329","-0,4545833381","0,4","0,875",1,"0,041122458","-0,0518979022","1,705589336","0,1775520107","-1,6077383572","-1,5574822208","-1,7151024107","1,3976687166","0,5836013499","1,7565479206","-4,0446889376","2,9652312278","-0,977696663","1832,3538461539","1,7657275983","0,0283116294","-0,5545733801","3,089714984","-6,4801196701","2,1504582326","-1,3917499629","-4,5614559109","-2,6430724699","-6,0281453415","0,7609352553",FAUX,,,,"1832,3538461539",strong
0007CB3713,10,9,1,5,71,FAUX,"32,15","32,06","-0,09",7,"-6,9772727273",5,"1,7539408867","0,8705169405","-0,4317808886","-0,2140280706","0,6","0,8","1,4","-0,0984316465","1,1160158957","-1,5435502902","0,2363903068","7,2499274264","-0,9315901177","1,4059111526","0,8515891128","-0,4265580224","-1,1802286438","-0,0560353411","-0,1070776987","-1,1536045389",,,,,,,,,,,,,FAUX,,,,,strong
0007CB2224,6,9,4,9,73,FAUX,"36,15","35,18","-0,97",2,"15,3055555556",9,"-15,0488505747","-2,3624262082","-0,2843037797","-0,4804292426","0,4","1,125","1,125","0,6642987459","-0,633865633","-1,472851542","-0,9601139757","0,4105703095","-1,0178391479","2,7501527598","-0,3256157767","3,6794884122","-2,1741630196","-2,612778944","-0,0431931758","0,2396935435",,,,,,,,,,,,,FAUX,,,,,strong
0007CB47A6,13,9,1,4,72,FAUX,"36,48","36,41","-0,07",5,"8,5",7,"0,3082922824","1,1601935567","-1,0329832142","-0,5627584548","0,5","0,2","1,2222222222","0,3199399079","0,6383635478","-0,4343634219","0,3019869689","3,0886314077","0,7993050645","-2,830243372","-0,458133092","0,1522101788","-0,3930500403","1,2984076825","3,4523813025","1,3957687322",,,,,,,,,,,,,FAUX,,,,,strong
0007CA3A3A,4,10,2,7,75,FAUX,"25,77","21,19","-4,58",10,-27,10,"-22,25","-4,3783173199","4,5349497044","0,4109661608","0,7","0,4285714286","0,5384615385","-1,4183120474","0,8998868997","3,0683745133","3,4546436002","-1,4178044444","8,2566199826","0,9156578117","-1,8340276383","2,2180735667","0,335838461","2,9905452498","0,0565346251","0,562003277","6076,3844444444","0,9930514795","0,1061980205","-3,2347801907","1,9713233676","-0,0625724437","-4,4630983733","-1,3028593263","0,9054817595","-0,0890662904","-0,6032936129","0,0453394783",FAUX,,,,"6076,3844444444",strong
0007CB2302,7,10,2,10,75,VRAI,"28,45","28,22","-0,23",8,"-8,3",9,-13,"-3,3761204471","-0,0312395519","-0,688389221","0,95","1,2","0,9375","-0,0401763088","3,4777457501","0,8782178785","0,1684567368","0,3071989803","1,9270522517","-0,9014375198","-3,4915888043","1,4888272333","-0,7585725612","4,0418601091","-1,370056199","0,3670806247","2337,9222222222","1,0648348149","0,1167798568","-9,9202108194","0,5954212412","-2,1095463893","2,0677706875","-4,6371313939","1,5113674695","1,4729564456","1,5133546941","0,8598648752",FAUX,,,,"2337,9222222222",strong
0007CE0327,38,10,5,6,94,FAUX,"28,62","28,56","-0,06",5,"2,8666666667",4,"4,0504201681","0,8100606431","-1,5519259676","-0,2917627338","0,3",1,1,"0,0489235533","0,0616134135","-0,6585831956","0,0938334031","-5,2205297599","-3,464270071","-0,849133855","-0,4656501825","0,5467323296","0,6079912894","-0,5667733371","-2,8176599222","-0,6990929394","3973,0688888889","2,131928175","0,1203290376","-1,1723132613","-0,000711285","-2,5595605693","-0,9553605306","-2,0080606267","-4,083774119","-0,3711186825","2,0823687419","0,262595284",FAUX,,,,"3973,0688888889",strong
0007CB30A6,8,10,2,8,79,VRAI,"29,28","29,67","0,39",3,"7,6833333333",8,"-8,5765851795","-6,3514093402","0,1327477297","0,3580990088","0,5",1,1,"-1,0645160683","0,0432089579","-0,724250038","0,5004826034","0,0561372055","2,4927583206","-0,7082250799","1,9737652551","2,253265559","0,288066234","-0,9945729132","-2,2565483889","0,2262178945","2131,1777777778","1,2296267646","0,090860557","-2,2781505038","0,2791425579","-2,0753130431","-2,7291167172","-2,8380291403","0,550443023","-0,5916100782","-0,7295123626","-3,4183944835",FAUX,,,,"2131,1777777778",weak
0007CDEC0B,36,10,5,2,94,FAUX,"30,08","30,58","0,5",6,"-5,0833333333",2,"15,3372803667","0,9762032145","-1,6745037333","-1,3871492333","0,5",1,"0,9090909091","3,1810316106","-1,1798564904","3,6395228542","-1,7501970704","0,0290221189","-2,3501424216","0,2157213303","-0,5505627746","1,8216910452","-2,880442679","-0,2848181325","-0,7260630271","0,263678944","5345,7111111111","1,3320908867","0,1601524795","2,9063091689","-0,5179938869","2,5423710831","-1,5827521626","-0,0821004099","-2,8980579064","-0,6960027141","-0,1576691633","0,2609555422",VRAI,,,,"5345,7111111111",strong
0007CB3713,10,10,2,5,75,FAUX,"31,29","31,94","0,65",9,"-20,4166666667",6,"-3,9387700535","-3,9775709705","-0,6264556404","-0,8193272488","0,5","1,1",1,"1,0239072424","-0,0703144967","1,289077851","-1,3638517528","4,131023028","1,2173898784","-1,4467196743","-0,1144011713","1,9188753987","-0,3564428883","0,8155152446","-0,3994788959","1,3365399726","3618,3355555556","1,5125328522","0,1105867584","-0,9764541851","-2,8323486246","0,1752156423","-3,8337787978","-0,4505542477","0,3955218757","1,0710658501","-1,3249264241","-0,1309444245",FAUX,,,,"3618,3355555556",strong
0007CDDBAF,32,10,5,9,77,FAUX,"31,39","32,25","0,86",2,"24,1666666667",3,"14,9604278075","1,6473296625","-2,561329524","-1,2735593969","0,55","0,7857142857",1,"3,1762164537","0,2981915603","1,3552609077","-1,460382375","0,3409061915","-1,0765667929","-1,4185106174","0,3340802706","0,5399356892","-0,4160930893","0,690655221","-0,3474970923","-0,6714557511","12595,48","1,7044463223","0,1032126869","1,645718634","-0,0179968009","3,7495224871","-2,7160187186","1,4279854671","-2,2006384432","0,5248459755","-1,19458483","0,8914426896",FAUX,,,,"12595,48",strong
0007CDE223,33,10,4,3,94,FAUX,"32,49","32,27","-0,22",4,"5,6666666667",1,"20,0294117647","2,471063388","-1,7266395126","-0,7350564078","0,35","1,1428571429",1,"0,6870310404","-0,0820666353","2,5879123423","0,1728652988","2,0059214795","2,1654728872","0,6220119116","2,3045762628","0,69408706","-1,1358726794","-0,6754642984","-0,6241294395","0,1688644216","7097,1044444444","1,4480942258","0,1561203207","4,7802517114","0,3940652461","4,556930116","0,4983811205","0,3115216585","-3,3778043077","-0,8999333097","1,7448570198","-0,469929085",VRAI,,,,"7097,1044444444",strong
0007CB0942,5,10,5,1,75,FAUX,"35,77","35,94","0,17",7,"-6,9166666667",7,"-4,5","-1,9592537364","-1,5113541219","-0,8710690339","0,35","1,1428571429",1,"2,2249474213","-1,2812432274","0,0866919942","-1,1389443461","-2,5180895345","-1,7532771131","-1,4852879028","-2,8779457048","-0,7420086362","-1,500026005","3,9189102702","0,3468150779","1,8780374039","4696,4955555556","1,2758642253","0,1082793175","1,379458423","-2,3409092915","0,5941639221","-1,9625372516","-0,8100470039","-0,5149800876","-0,067219557","-0,7028283129","-0,7890998336",FAUX,,,,"4696,4955555556",strong
0007CB47A6,13,10,2,4,76,FAUX,"35,97","35,95","-0,02",1,"27,3333333333",5,"-2,1121848739","-3,0413469572","-1,9049311637","-1,2806101298","0,45","1,125","0,8888888889","2,509590118","-1,3661329579","1,0103565689","-1,3309073938","-4,4338369763","-2,4113857322","6,3904247955","3,2426223043","-3,4818845077","-0,1020072345","-6,4739880316","0,0510625412","-1,6042558552","6233,0088888889","1,9715358226","0,1055081655","4,9675174492","-4,1809653898","2,3653335744","-2,2365173643","-0,2750524567","-0,9432863713","2,1488112149","-3,0326118959","0,6978517515",FAUX,,,,"6233,0088888889",strong
